make: Verzeichnis „/c/tmp/pel/ffmpeg“ wird betreten
GEN	libavfilter/libavfilter.version
GEN	libavformat/libavformat.version
GEN	libavdevice/libavdevice.version
GEN	libavcodec/libavcodec.version
GEN	libswresample/libswresample.version
GEN	libswscale/libswscale.version
GEN	libavutil/libavutil.version
CC	libavdevice/alldevices.o
CC	libavdevice/avdevice.o
CC	libavdevice/dshow.o
CC	libavdevice/dshow_common.o
CC	libavdevice/dshow_crossbar.o
CC	libavdevice/dshow_enummediatypes.o
CC	libavdevice/dshow_enumpins.o
CC	libavdevice/dshow_filter.o
CC	libavdevice/dshow_pin.o
CC	libavdevice/gdigrab.o
CC	libavdevice/lavfi.o
CC	libavdevice/utils.o
CC	libavdevice/version.o
CC	libavdevice/vfwcap.o
CC	libavfilter/af_aap.o
CC	libavfilter/af_acontrast.o
[1mCC	libavfilter/af_acopy.o
CC	libavfilter/af_acrossover.o
CC	libavfilter/af_acrusher.o

WARNING: libavdevice/alldevices.c libavfilter/allfilters.c libavformat/allformats.c libavcodec/allcodecs.c libavcodec/bitstream_filters.c libavcodec/hwaccels.h libavcodec/parsers.c libavformat/protocols.c newer than config_components.h, rerun configure

(B[mCC	libavfilter/af_adeclick.o
CC	libavfilter/af_adecorrelate.o
CC	libavfilter/af_adelay.o
CC	libavfilter/af_adenorm.o
CC	libavfilter/af_aderivative.o
CC	libavfilter/af_adrc.o
CC	libavfilter/af_adynamicequalizer.o
CC	libavfilter/af_adynamicsmooth.o
CC	libavfilter/af_aecho.o
CC	libavfilter/af_aemphasis.o
CC	libavfilter/af_aexciter.o
CC	libavfilter/af_afftdn.o
CC	libavfilter/af_afftfilt.o
CC	libavfilter/af_afir.o
CC	libavfilter/af_aformat.o
CC	libavfilter/af_afreqshift.o
libavfilter/af_afftfilt.c: In function 'filter_channel':
libavfilter/af_afftfilt.c:298:9: warning: 'memmove' specified bound between 18446744065119617024 and 18446744073709551608 exceeds maximum object size 9223372036854775807 [-Wstringop-overflow=]
  298 |         memmove(buf, buf + s->hop_size, window_size * sizeof(float));
      |         ^~~~~~~~~~~~~~~~~~~~~~~~~~~~~~~~~~~~~~~~~~~~~~~~~~~~~~~~~~~~
CC	libavfilter/af_afwtdn.o
CC	libavfilter/af_aiir.o
CC	libavfilter/af_alimiter.o
CC	libavfilter/af_amerge.o
CC	libavfilter/af_amix.o
CC	libavfilter/af_amultiply.o
CC	libavfilter/af_anequalizer.o
CC	libavfilter/af_anlmdn.o
CC	libavfilter/af_anlms.o
CC	libavfilter/af_anull.o
CC	libavfilter/af_apad.o
CC	libavfilter/af_aphaser.o
CC	libavfilter/af_apsyclip.o
CC	libavfilter/af_apulsator.o
CC	libavfilter/af_aresample.o
CC	libavfilter/af_arls.o
CC	libavfilter/af_arnndn.o
CC	libavfilter/af_asdr.o
CC	libavfilter/af_asetnsamples.o
CC	libavfilter/af_asetrate.o
CC	libavfilter/af_ashowinfo.o
CC	libavfilter/af_asoftclip.o
CC	libavfilter/af_aspectralstats.o
CC	libavfilter/af_astats.o
CC	libavfilter/af_asubboost.o
CC	libavfilter/af_asupercut.o
CC	libavfilter/af_atempo.o
CC	libavfilter/af_atilt.o
CC	libavfilter/af_axcorrelate.o
CC	libavfilter/af_channelmap.o
CC	libavfilter/af_channelsplit.o
CC	libavfilter/af_chorus.o
CC	libavfilter/af_compand.o
CC	libavfilter/af_compensationdelay.o
CC	libavfilter/af_crossfeed.o
CC	libavfilter/af_crystalizer.o
CC	libavfilter/af_dcshift.o
CC	libavfilter/af_deesser.o
CC	libavfilter/af_dialoguenhance.o
CC	libavfilter/af_drmeter.o
CC	libavfilter/af_dynaudnorm.o
CC	libavfilter/af_earwax.o
CC	libavfilter/af_extrastereo.o
CC	libavfilter/af_firequalizer.o
CC	libavfilter/af_flanger.o
CC	libavfilter/af_haas.o
CC	libavfilter/af_hdcd.o
CC	libavfilter/af_headphone.o
CC	libavfilter/af_join.o
CC	libavfilter/af_loudnorm.o
CC	libavfilter/af_mcompand.o
CC	libavfilter/af_pan.o
In function 'generate_min_phase_kernel',
    inlined from 'generate_kernel' at libavfilter/af_firequalizer.c:691:13:
libavfilter/af_firequalizer.c:559:5: warning: 'memset' specified bound between 18446744069414584316 and 18446744073709551608 exceeds maximum object size 9223372036854775807 [-Wstringop-overflow=]
  559 |     memset(s->cepstrum_buf + cepstrum_len/2 + 1, 0, (cepstrum_len/2 - 1) * sizeof(*s->cepstrum_buf));
      |     ^~~~~~~~~~~~~~~~~~~~~~~~~~~~~~~~~~~~~~~~~~~~~~~~~~~~~~~~~~~~~~~~~~~~~~~~~~~~~~~~~~~~~~~~~~~~~~~~
CC	libavfilter/af_replaygain.o
CC	libavfilter/af_silencedetect.o
CC	libavfilter/af_silenceremove.o
CC	libavfilter/af_speechnorm.o
CC	libavfilter/af_stereotools.o
CC	libavfilter/af_stereowiden.o
CC	libavfilter/af_superequalizer.o
CC	libavfilter/af_surround.o
CC	libavfilter/af_tremolo.o
CC	libavfilter/af_vibrato.o
CC	libavfilter/af_virtualbass.o
CC	libavfilter/af_volume.o
CC	libavfilter/af_volumedetect.o
CC	libavfilter/allfilters.o
CC	libavfilter/asink_anullsink.o
CC	libavfilter/asrc_afdelaysrc.o
CC	libavfilter/asrc_afirsrc.o
CC	libavfilter/asrc_anoisesrc.o
CC	libavfilter/asrc_anullsrc.o
CC	libavfilter/asrc_hilbert.o
CC	libavfilter/asrc_sinc.o
CC	libavfilter/asrc_sine.o
CC	libavfilter/audio.o
CC	libavfilter/avf_a3dscope.o
CC	libavfilter/avf_abitscope.o
CC	libavfilter/avf_ahistogram.o
CC	libavfilter/avf_aphasemeter.o
CC	libavfilter/avf_avectorscope.o
CC	libavfilter/avf_concat.o
CC	libavfilter/avf_showcqt.o
CC	libavfilter/avf_showcwt.o
CC	libavfilter/avf_showfreqs.o
CC	libavfilter/avf_showspatial.o
CC	libavfilter/avf_showvolume.o
CC	libavfilter/avfilter.o
CC	libavfilter/avfiltergraph.o
CC	libavfilter/bbox.o
CC	libavfilter/boxblur.o
CC	libavfilter/buffersink.o
CC	libavfilter/buffersrc.o
CC	libavfilter/bwdifdsp.o
CC	libavfilter/ccfifo.o
CC	libavfilter/colorspace.o
CC	libavfilter/colorspacedsp.o
CC	libavfilter/drawutils.o
CC	libavfilter/ebur128.o
CC	libavfilter/edge_common.o
CC	libavfilter/f_ebur128.o
CC	libavfilter/f_streamselect.o
CC	libavfilter/formats.o
CC	libavfilter/framepool.o
CC	libavfilter/framequeue.o
CC	libavfilter/framesync.o
CC	libavfilter/generate_wave_table.o
CC	libavfilter/graphdump.o
CC	libavfilter/graphparser.o
CC	libavfilter/lavfutils.o
CC	libavfilter/lswsutils.o
CC	libavfilter/motion_estimation.o
CC	libavfilter/palette.o
CC	libavfilter/perlin.o
CC	libavfilter/psnr.o
CC	libavfilter/pthread.o
CC	libavfilter/qp_table.o
CC	libavfilter/qsvvpp.o
CC	libavfilter/scale_eval.o
CC	libavfilter/scene_sad.o
CC	libavfilter/split.o
CC	libavfilter/src_avsynctest.o
CC	libavfilter/transform.o
CC	libavfilter/vaf_spectrumsynth.o
CC	libavfilter/version.o
CC	libavfilter/vf_addroi.o
CC	libavfilter/vf_alphamerge.o
CC	libavfilter/vf_amplify.o
CC	libavfilter/vf_atadenoise.o
CC	libavfilter/vf_avgblur.o
CC	libavfilter/vf_avgblur_vulkan.o
CC	libavfilter/vf_backgroundkey.o
CC	libavfilter/vf_bbox.o
CC	libavfilter/vf_bilateral.o
CC	libavfilter/vf_bitplanenoise.o
CC	libavfilter/vf_blackdetect.o
CC	libavfilter/vf_blackdetect_vulkan.o
CC	libavfilter/vf_blackframe.o
CC	libavfilter/vf_blend_vulkan.o
CC	libavfilter/vf_blockdetect.o
CC	libavfilter/vf_blurdetect.o
CC	libavfilter/vf_bm3d.o
CC	libavfilter/vf_boxblur.o
CC	libavfilter/vf_bwdif.o
CC	libavfilter/vf_bwdif_vulkan.o
CC	libavfilter/vf_cas.o
CC	libavfilter/vf_ccrepack.o
CC	libavfilter/vf_chromaber_vulkan.o
CC	libavfilter/vf_chromakey.o
CC	libavfilter/vf_chromanr.o
CC	libavfilter/vf_chromashift.o
CC	libavfilter/vf_ciescope.o
CC	libavfilter/vf_codecview.o
CC	libavfilter/vf_colorbalance.o
CC	libavfilter/vf_colorchannelmixer.o
CC	libavfilter/vf_colorconstancy.o
CC	libavfilter/vf_colorcontrast.o
CC	libavfilter/vf_colorcorrect.o
CC	libavfilter/vf_colordetect.o
CC	libavfilter/vf_colorize.o
CC	libavfilter/vf_colorlevels.o
CC	libavfilter/vf_colormap.o
CC	libavfilter/vf_colormatrix.o
CC	libavfilter/vf_colorspace.o
CC	libavfilter/vf_colortemperature.o
CC	libavfilter/vf_copy.o
CC	libavfilter/vf_corr.o
CC	libavfilter/vf_cover_rect.o
CC	libavfilter/vf_crop.o
CC	libavfilter/vf_cropdetect.o
CC	libavfilter/vf_curves.o
CC	libavfilter/vf_datascope.o
CC	libavfilter/vf_dblur.o
CC	libavfilter/vf_dctdnoiz.o
CC	libavfilter/vf_deband.o
CC	libavfilter/vf_deblock.o
CC	libavfilter/vf_decimate.o
CC	libavfilter/vf_dedot.o
CC	libavfilter/vf_deflicker.o
CC	libavfilter/vf_deinterlace_d3d12.o
CC	libavfilter/vf_dejudder.o
CC	libavfilter/vf_delogo.o
CC	libavfilter/vf_deshake.o
CC	libavfilter/vf_despill.o
CC	libavfilter/vf_detelecine.o
CC	libavfilter/vf_displace.o
CC	libavfilter/vf_edgedetect.o
CC	libavfilter/vf_elbg.o
CC	libavfilter/vf_entropy.o
CC	libavfilter/vf_epx.o
CC	libavfilter/vf_eq.o
CC	libavfilter/vf_estdif.o
CC	libavfilter/vf_exposure.o
CC	libavfilter/vf_fade.o
CC	libavfilter/vf_feedback.o
CC	libavfilter/vf_fftdnoiz.o
CC	libavfilter/vf_fftfilt.o
CC	libavfilter/vf_field.o
CC	libavfilter/vf_fieldhint.o
CC	libavfilter/vf_fieldmatch.o
CC	libavfilter/vf_fieldorder.o
CC	libavfilter/vf_fillborders.o
CC	libavfilter/vf_find_rect.o
CC	libavfilter/vf_flip_vulkan.o
CC	libavfilter/vf_floodfill.o
CC	libavfilter/vf_fps.o
CC	libavfilter/vf_framepack.o
CC	libavfilter/vf_framerate.o
CC	libavfilter/vf_framestep.o
CC	libavfilter/vf_freezedetect.o
CC	libavfilter/vf_freezeframes.o
CC	libavfilter/vf_fspp.o
CC	libavfilter/vf_fsppdsp.o
CC	libavfilter/vf_fsync.o
CC	libavfilter/vf_gblur.o
CC	libavfilter/vf_gblur_vulkan.o
CC	libavfilter/vf_geq.o
CC	libavfilter/vf_gradfun.o
CC	libavfilter/vf_grayworld.o
CC	libavfilter/vf_guided.o
CC	libavfilter/vf_hflip.o
CC	libavfilter/vf_histeq.o
CC	libavfilter/vf_hqdn3d.o
CC	libavfilter/vf_hqx.o
CC	libavfilter/vf_hsvkey.o
CC	libavfilter/vf_hue.o
CC	libavfilter/vf_huesaturation.o
CC	libavfilter/vf_hwdownload.o
CC	libavfilter/vf_hwmap.o
CC	libavfilter/vf_hwupload.o
CC	libavfilter/vf_hwupload_cuda.o
CC	libavfilter/vf_hysteresis.o
CC	libavfilter/vf_idet.o
CC	libavfilter/vf_idetdsp.o
CC	libavfilter/vf_il.o
CC	libavfilter/vf_interlace_vulkan.o
CC	libavfilter/vf_kerndeint.o
CC	libavfilter/vf_lagfun.o
CC	libavfilter/vf_lenscorrection.o
CC	libavfilter/vf_limitdiff.o
CC	libavfilter/vf_limiter.o
CC	libavfilter/vf_lumakey.o
CC	libavfilter/vf_maskedclamp.o
CC	libavfilter/vf_maskedmerge.o
CC	libavfilter/vf_maskedminmax.o
CC	libavfilter/vf_maskedthreshold.o
CC	libavfilter/vf_maskfun.o
CC	libavfilter/vf_mcdeint.o
CC	libavfilter/vf_median.o
libavfilter/vf_mcdeint.c: In function 'config_props':
libavfilter/vf_mcdeint.c:143:23: warning: this statement may fall through [-Wimplicit-fallthrough=]
  143 |         enc_ctx->refs = 3;
      |         ~~~~~~~~~~~~~~^~~
libavfilter/vf_mcdeint.c:144:5: note: here
  144 |     case MODE_SLOW:
      |     ^~~~
libavfilter/vf_mcdeint.c:145:9: warning: this statement may fall through [-Wimplicit-fallthrough=]
  145 |         av_dict_set(&opts, "motion_est", "iter", 0);
      |         ^~~~~~~~~~~~~~~~~~~~~~~~~~~~~~~~~~~~~~~~~~~
libavfilter/vf_mcdeint.c:146:5: note: here
  146 |     case MODE_MEDIUM:
      |     ^~~~
libavfilter/vf_mcdeint.c:148:27: warning: this statement may fall through [-Wimplicit-fallthrough=]
  148 |         enc_ctx->dia_size = 2;
      |         ~~~~~~~~~~~~~~~~~~^~~
libavfilter/vf_mcdeint.c:149:5: note: here
  149 |     case MODE_FAST:
      |     ^~~~
CC	libavfilter/vf_mergeplanes.o
CC	libavfilter/vf_mestimate.o
CC	libavfilter/vf_mestimate_d3d12.o
CC	libavfilter/vf_midequalizer.o
CC	libavfilter/vf_minterpolate.o
CC	libavfilter/vf_monochrome.o
CC	libavfilter/vf_morpho.o
CC	libavfilter/vf_mpdecimate.o
In file included from libavfilter/vf_median.c:53:
libavfilter/median_template.c: In function 'filter_plane_16':
libavfilter/median_template.c:50:16: warning: stack usage is 132416 bytes [-Wstack-usage=]
   50 | static void fn(filter_plane)(AVFilterContext *ctx, const uint8_t *ssrc, int src_linesize,
      |                ^~~~~~~~~~~~
libavfilter/median_template.c:43:20: note: in definition of macro 'fn3'
   43 | #define fn3(a,b)   a##_##b
      |                    ^
libavfilter/median_template.c:45:20: note: in expansion of macro 'fn2'
   45 | #define fn(a)      fn2(a, DEPTH)
      |                    ^~~
libavfilter/median_template.c:50:13: note: in expansion of macro 'fn'
   50 | static void fn(filter_plane)(AVFilterContext *ctx, const uint8_t *ssrc, int src_linesize,
      |             ^~
CC	libavfilter/vf_multiply.o
CC	libavfilter/vf_negate.o
CC	libavfilter/vf_nlmeans.o
CC	libavfilter/vf_nlmeans_vulkan.o
CC	libavfilter/vf_nnedi.o
CC	libavfilter/vf_noise.o
CC	libavfilter/vf_normalize.o
CC	libavfilter/vf_null.o
CC	libavfilter/vf_overlay.o
CC	libavfilter/vf_overlay_qsv.o
CC	libavfilter/vf_overlay_vulkan.o
CC	libavfilter/vf_owdenoise.o
CC	libavfilter/vf_pad.o
CC	libavfilter/vf_palettegen.o
CC	libavfilter/vf_paletteuse.o
CC	libavfilter/vf_pelorus_aa_vulkan.o
CC	libavfilter/vf_pelorus_analyze_vulkan.o
CC	libavfilter/vf_pelorus_borderfix_vulkan.o
CC	libavfilter/vf_pelorus_deband_vulkan.o
CC	libavfilter/vf_pelorus_deblock_vulkan.o
CC	libavfilter/vf_pelorus_dehalo_vulkan.o
CC	libavfilter/vf_pelorus_denoise_vulkan.o
CC	libavfilter/vf_pelorus_grain_estimate_vulkan.o
CC	libavfilter/vf_pelorus_mc_vulkan.o
CC	libavfilter/vf_pelorus_scenecut.o
CC	libavfilter/vf_perspective.o
CC	libavfilter/vf_phase.o
CC	libavfilter/vf_photosensitivity.o
CC	libavfilter/vf_pixdesctest.o
CC	libavfilter/vf_pp7.o
CC	libavfilter/vf_pixelize.o
CC	libavfilter/vf_pseudocolor.o
CC	libavfilter/vf_psnr.o
CC	libavfilter/vf_pullup.o
CC	libavfilter/vf_qp.o
CC	libavfilter/vf_random.o
CC	libavfilter/vf_readeia608.o
CC	libavfilter/vf_readvitc.o
CC	libavfilter/vf_remap.o
CC	libavfilter/vf_removegrain.o
CC	libavfilter/vf_removelogo.o
CC	libavfilter/vf_repeatfields.o
CC	libavfilter/vf_rotate.o
CC	libavfilter/vf_sab.o
CC	libavfilter/vf_scale.o
CC	libavfilter/vf_scale_d3d11.o
CC	libavfilter/vf_scale_d3d12.o
CC	libavfilter/vf_scale_vulkan.o
CC	libavfilter/vf_scdet.o
CC	libavfilter/vf_scdet_vulkan.o
CC	libavfilter/vf_scroll.o
CC	libavfilter/vf_selectivecolor.o
CC	libavfilter/vf_separatefields.o
CC	libavfilter/vf_shear.o
CC	libavfilter/vf_showinfo.o
CC	libavfilter/vf_showpalette.o
CC	libavfilter/vf_shuffleframes.o
CC	libavfilter/vf_shufflepixels.o
CC	libavfilter/vf_shuffleplanes.o
CC	libavfilter/vf_signalstats.o
CC	libavfilter/vf_signature.o
CC	libavfilter/vf_siti.o
CC	libavfilter/vf_smartblur.o
CC	libavfilter/vf_spp.o
CC	libavfilter/vf_ssim.o
CC	libavfilter/vf_ssim360.o
CC	libavfilter/vf_stereo3d.o
CC	libavfilter/vf_super2xsai.o
CC	libavfilter/vf_swaprect.o
CC	libavfilter/vf_swapuv.o
CC	libavfilter/vf_telecine.o
CC	libavfilter/vf_threshold.o
CC	libavfilter/vf_thumbnail.o
CC	libavfilter/vf_tile.o
CC	libavfilter/vf_tiltandshift.o
CC	libavfilter/vf_tinterlace.o
CC	libavfilter/vf_tmidequalizer.o
CC	libavfilter/vf_tonemap.o
CC	libavfilter/vf_tpad.o
CC	libavfilter/vf_transpose.o
CC	libavfilter/vf_transpose_vulkan.o
CC	libavfilter/vf_unsharp.o
CC	libavfilter/vf_untile.o
CC	libavfilter/vf_uspp.o
CC	libavfilter/vf_v360.o
CC	libavfilter/vf_v360_vulkan.o
CC	libavfilter/vf_vaguedenoiser.o
CC	libavfilter/vf_varblur.o
CC	libavfilter/vf_vectorscope.o
CC	libavfilter/vf_vflip.o
CC	libavfilter/vf_vfrdet.o
CC	libavfilter/vf_vibrance.o
CC	libavfilter/vf_vif.o
CC	libavfilter/vf_vignette.o
CC	libavfilter/vf_vmafmotion.o
CC	libavfilter/vf_w3fdif.o
CC	libavfilter/vf_waveform.o
CC	libavfilter/vf_weave.o
CC	libavfilter/vf_xbr.o
CC	libavfilter/vf_xfade.o
CC	libavfilter/vf_xfade_vulkan.o
CC	libavfilter/vf_xpsnr.o
CC	libavfilter/vf_yadif.o
CC	libavfilter/vf_yaepblur.o
CC	libavfilter/vf_zoompan.o
CC	libavfilter/video.o
CC	libavfilter/vsink_nullsink.o
CC	libavfilter/vsrc_cellauto.o
CC	libavfilter/vsrc_ddagrab.o
CC	libavfilter/vsrc_gfxcapture.o
CXX	libavfilter/vsrc_gfxcapture_winrt.o
CC	libavfilter/vsrc_gradients.o
CC	libavfilter/vsrc_life.o
CC	libavfilter/vsrc_mandelbrot.o
CC	libavfilter/vsrc_mptestsrc.o
CC	libavfilter/vsrc_perlin.o
CC	libavfilter/vsrc_sierpinski.o
CC	libavfilter/vsrc_testsrc_vulkan.o
CC	libavfilter/vulkan.o
GLSLC	libavfilter/vulkan/avgblur.comp.spv
HOSTCC	ffbuild/bin2c_host.o
GLSLC	libavfilter/vulkan/blackdetect.comp.spv
GLSLC	libavfilter/vulkan/blend.comp.spv
GLSLC	libavfilter/vulkan/bwdif.comp.spv
GLSLC	libavfilter/vulkan/chromaber.comp.spv
GLSLC	libavfilter/vulkan/color.comp.spv
GLSLC	libavfilter/vulkan/debayer.comp.spv
GLSLC	libavfilter/vulkan/flip.comp.spv
GLSLC	libavfilter/vulkan/gblur.comp.spv
GLSLC	libavfilter/vulkan/interlace.comp.spv
GLSLC	libavfilter/vulkan/nlmeans_denoise.comp.spv
GLSLC	libavfilter/vulkan/nlmeans_horizontal.comp.spv
GLSLC	libavfilter/vulkan/nlmeans_vertical.comp.spv
GLSLC	libavfilter/vulkan/nlmeans_weights.comp.spv
GLSLC	libavfilter/vulkan/overlay.comp.spv
GLSLC	libavfilter/vulkan/pelorus_aa.comp.spv
GLSLC	libavfilter/vulkan/pelorus_analyze.comp.spv
GLSLC	libavfilter/vulkan/pelorus_borderfix.comp.spv
GLSLC	libavfilter/vulkan/pelorus_deband.comp.spv
GLSLC	libavfilter/vulkan/pelorus_deblock.comp.spv
GLSLC	libavfilter/vulkan/pelorus_dehalo.comp.spv
GLSLC	libavfilter/vulkan/pelorus_denoise.comp.spv
GLSLC	libavfilter/vulkan/pelorus_grain_estimate.comp.spv
GLSLC	libavfilter/vulkan/pelorus_mc.comp.spv
GLSLC	libavfilter/vulkan/scale.comp.spv
GLSLC	libavfilter/vulkan/scdet.comp.spv
GLSLC	libavfilter/vulkan/transpose.comp.spv
GLSLC	libavfilter/vulkan/v360.comp.spv
GLSLC	libavfilter/vulkan/xfade.comp.spv
CC	libavfilter/vulkan_filter.o
X86ASM	libavfilter/x86/af_afir.o
CC	libavfilter/x86/af_afir_init.o
X86ASM	libavfilter/x86/af_anlmdn.o
CC	libavfilter/x86/af_anlmdn_init.o
X86ASM	libavfilter/x86/af_volume.o
CC	libavfilter/x86/af_volume_init.o
STRIP	libavfilter/x86/af_anlmdn.o
X86ASM	libavfilter/x86/avf_showcqt.o
STRIP	libavfilter/x86/af_afir.o
CC	libavfilter/x86/avf_showcqt_init.o
STRIP	libavfilter/x86/af_volume.o
X86ASM	libavfilter/x86/colorspacedsp.o
CC	libavfilter/x86/colorspacedsp_init.o
X86ASM	libavfilter/x86/f_ebur128.o
CC	libavfilter/x86/f_ebur128_init.o
X86ASM	libavfilter/x86/scene_sad.o
CC	libavfilter/x86/scene_sad_init.o
STRIP	libavfilter/x86/f_ebur128.o
STRIP	libavfilter/x86/scene_sad.o
STRIP	libavfilter/x86/avf_showcqt.o
X86ASM	libavfilter/x86/vf_atadenoise.o
CC	libavfilter/x86/vf_atadenoise_init.o
X86ASM	libavfilter/x86/vf_blackdetect.o
CC	libavfilter/x86/vf_blackdetect_init.o
X86ASM	libavfilter/x86/vf_blend.o
CC	libavfilter/x86/vf_blend_init.o
X86ASM	libavfilter/x86/vf_bwdif.o
STRIP	libavfilter/x86/vf_blackdetect.o
CC	libavfilter/x86/vf_bwdif_init.o
STRIP	libavfilter/x86/vf_atadenoise.o
X86ASM	libavfilter/x86/vf_colordetect.o
CC	libavfilter/x86/vf_colordetect_init.o
X86ASM	libavfilter/x86/vf_convolution.o
CC	libavfilter/x86/vf_convolution_init.o
X86ASM	libavfilter/x86/vf_eq.o
STRIP	libavfilter/x86/vf_colordetect.o
STRIP	libavfilter/x86/vf_convolution.o
CC	libavfilter/x86/vf_eq_init.o
X86ASM	libavfilter/x86/vf_framerate.o
STRIP	libavfilter/x86/vf_eq.o
CC	libavfilter/x86/vf_framerate_init.o
X86ASM	libavfilter/x86/vf_fspp.o
STRIP	libavfilter/x86/vf_framerate.o
CC	libavfilter/x86/vf_fspp_init.o
X86ASM	libavfilter/x86/vf_gblur.o
CC	libavfilter/x86/vf_gblur_init.o
X86ASM	libavfilter/x86/vf_gradfun.o
STRIP	libavfilter/x86/vf_blend.o
CC	libavfilter/x86/vf_gradfun_init.o
X86ASM	libavfilter/x86/vf_hflip.o
STRIP	libavfilter/x86/vf_gradfun.o
CC	libavfilter/x86/vf_hflip_init.o
X86ASM	libavfilter/x86/vf_hqdn3d.o
STRIP	libavfilter/x86/vf_fspp.o
STRIP	libavfilter/x86/vf_hflip.o
CC	libavfilter/x86/vf_hqdn3d_init.o
X86ASM	libavfilter/x86/vf_idetdsp.o
STRIP	libavfilter/x86/vf_hqdn3d.o
CC	libavfilter/x86/vf_idetdsp_init.o
X86ASM	libavfilter/x86/vf_interlace.o
X86ASM	libavfilter/x86/vf_limiter.o
CC	libavfilter/x86/vf_limiter_init.o
STRIP	libavfilter/x86/vf_gblur.o
STRIP	libavfilter/x86/vf_idetdsp.o
STRIP	libavfilter/x86/vf_limiter.o
X86ASM	libavfilter/x86/vf_lut3d.o
X86ASM	libavfilter/x86/vf_maskedclamp.o
CC	libavfilter/x86/vf_maskedclamp_init.o
X86ASM	libavfilter/x86/vf_maskedmerge.o
STRIP	libavfilter/x86/vf_interlace.o
CC	libavfilter/x86/vf_maskedmerge_init.o
STRIP	libavfilter/x86/vf_maskedclamp.o
STRIP	libavfilter/x86/vf_maskedmerge.o
X86ASM	libavfilter/x86/vf_nlmeans.o
STRIP	libavfilter/x86/vf_bwdif.o
CC	libavfilter/x86/vf_nlmeans_init.o
CC	libavfilter/x86/vf_noise.o
X86ASM	libavfilter/x86/vf_overlay.o
CC	libavfilter/x86/vf_overlay_init.o
STRIP	libavfilter/x86/vf_nlmeans.o
X86ASM	libavfilter/x86/vf_pp7.o
CC	libavfilter/x86/vf_pp7_init.o
X86ASM	libavfilter/x86/vf_psnr.o
CC	libavfilter/x86/vf_psnr_init.o
STRIP	libavfilter/x86/vf_overlay.o
STRIP	libavfilter/x86/vf_pp7.o
X86ASM	libavfilter/x86/vf_pullup.o
CC	libavfilter/x86/vf_pullup_init.o
STRIP	libavfilter/x86/vf_psnr.o
X86ASM	libavfilter/x86/vf_removegrain.o
CC	libavfilter/x86/vf_removegrain_init.o
CC	libavfilter/x86/vf_spp.o
X86ASM	libavfilter/x86/vf_ssim.o
STRIP	libavfilter/x86/vf_pullup.o
CC	libavfilter/x86/vf_ssim_init.o
X86ASM	libavfilter/x86/vf_stereo3d.o
CC	libavfilter/x86/vf_stereo3d_init.o
X86ASM	libavfilter/x86/vf_threshold.o
STRIP	libavfilter/x86/vf_ssim.o
CC	libavfilter/x86/vf_threshold_init.o
CC	libavfilter/x86/vf_tinterlace_init.o
STRIP	libavfilter/x86/vf_stereo3d.o
X86ASM	libavfilter/x86/vf_transpose.o
STRIP	libavfilter/x86/vf_threshold.o
CC	libavfilter/x86/vf_transpose_init.o
X86ASM	libavfilter/x86/vf_v360.o
CC	libavfilter/x86/vf_v360_init.o
X86ASM	libavfilter/x86/vf_w3fdif.o
STRIP	libavfilter/x86/vf_transpose.o
CC	libavfilter/x86/vf_w3fdif_init.o
X86ASM	libavfilter/x86/vf_yadif.o
STRIP	libavfilter/x86/vf_v360.o
CC	libavfilter/x86/vf_yadif_init.o
X86ASM	libavfilter/x86/yadif-10.o
STRIP	libavfilter/x86/vf_w3fdif.o
X86ASM	libavfilter/x86/yadif-16.o
CC	libavfilter/yadif_common.o
STRIP	libavfilter/x86/vf_removegrain.o
STRIP	libavfilter/x86/vf_lut3d.o
CC	libavformat/3dostr.o
CC	libavformat/4xm.o
STRIP	libavfilter/x86/colorspacedsp.o
CC	libavformat/a64.o
CC	libavformat/aacdec.o
CC	libavformat/aadec.o
CC	libavformat/aaxdec.o
CC	libavformat/ac4dec.o
CC	libavformat/ac4enc.o
CC	libavformat/acedec.o
CC	libavformat/acm.o
STRIP	libavfilter/x86/yadif-10.o
CC	libavformat/act.o
CC	libavformat/adp.o
CC	libavformat/ads.o
STRIP	libavfilter/x86/vf_yadif.o
CC	libavformat/adtsenc.o
CC	libavformat/adxdec.o
CC	libavformat/aeadec.o
CC	libavformat/aeaenc.o
CC	libavformat/afc.o
CC	libavformat/aiff.o
CC	libavformat/aiffdec.o
CC	libavformat/aiffenc.o
CC	libavformat/aixdec.o
CC	libavformat/allformats.o
CC	libavformat/amvenc.o
CC	libavformat/anm.o
CC	libavformat/apac.o
CC	libavformat/apc.o
CC	libavformat/ape.o
STRIP	libavfilter/x86/yadif-16.o
CC	libavformat/apetag.o
CC	libavformat/apngdec.o
CC	libavformat/apngenc.o
CC	libavformat/apv.o
CC	libavformat/apvdec.o
CC	libavformat/apvenc.o
CC	libavformat/aqtitledec.o
CC	libavformat/argo_brp.o
CC	libavformat/asf.o
CC	libavformat/asf_tags.o
CC	libavformat/asfcrypt.o
CC	libavformat/asfdec_f.o
CC	libavformat/asfdec_o.o
CC	libavformat/assdec.o
CC	libavformat/assenc.o
CC	libavformat/ast.o
CC	libavformat/astdec.o
CC	libavformat/astenc.o
CC	libavformat/async.o
CC	libavformat/av1.o
CC	libavformat/avc.o
CC	libavformat/avformat.o
CC	libavformat/avienc.o
CC	libavformat/avio.o
CC	libavformat/aviobuf.o
CC	libavformat/avlanguage.o
CC	libavformat/avr.o
CC	libavformat/avs.o
CC	libavformat/avs2dec.o
CC	libavformat/avs3dec.o
CC	libavformat/bethsoftvid.o
CC	libavformat/bfi.o
CC	libavformat/bink.o
CC	libavformat/binka.o
CC	libavformat/bmv.o
CC	libavformat/boadec.o
CC	libavformat/bonk.o
CC	libavformat/brstm.o
CC	libavformat/c93.o
CC	libavformat/cache.o
CC	libavformat/caf.o
CC	libavformat/cafdec.o
CC	libavformat/cafenc.o
CC	libavformat/cavsvideodec.o
CC	libavformat/cbs.o
CC	libavformat/cbs_apv.o
CC	libavformat/cbs_av1.o
CC	libavformat/cdg.o
CC	libavformat/cdxl.o
CC	libavformat/cinedec.o
CC	libavformat/codecstring.o
CC	libavformat/concatdec.o
CC	libavformat/crcenc.o
CC	libavformat/crypto.o
CC	libavformat/dash.o
CC	libavformat/data_uri.o
CC	libavformat/dauddec.o
CC	libavformat/daudenc.o
CC	libavformat/dcstr.o
CC	libavformat/demux_utils.o
CC	libavformat/derf.o
CC	libavformat/dfa.o
CC	libavformat/dfpwmdec.o
CC	libavformat/dhav.o
CC	libavformat/diracdec.o
CC	libavformat/dnxhddec.o
CC	libavformat/dovi_isom.o
CC	libavformat/dsfdec.o
CC	libavformat/dsicin.o
CC	libavformat/dss.o
CC	libavformat/dtsdec.o
CC	libavformat/dtshddec.o
CC	libavformat/dump.o
CC	libavformat/dvbsub.o
CC	libavformat/dvbtxt.o
CC	libavformat/dvdclut.o
CC	libavformat/dvenc.o
CC	libavformat/dxa.o
CC	libavformat/eacdata.o
CC	libavformat/electronicarts.o
CC	libavformat/epafdec.o
CC	libavformat/evc.o
CC	libavformat/evcdec.o
CC	libavformat/ffmetadec.o
CC	libavformat/ffmetaenc.o
CC	libavformat/fifo.o
CC	libavformat/filmstripdec.o
CC	libavformat/filmstripenc.o
CC	libavformat/fitsdec.o
CC	libavformat/fitsenc.o
CC	libavformat/flac_picture.o
CC	libavformat/flacdec.o
CC	libavformat/flacenc.o
CC	libavformat/flacenc_header.o
CC	libavformat/flic.o
CC	libavformat/flvdec.o
CC	libavformat/flvenc.o
CC	libavformat/framecrcenc.o
CC	libavformat/framehash.o
CC	libavformat/frmdec.o
CC	libavformat/fsb.o
CC	libavformat/ftp.o
CC	libavformat/fwse.o
CC	libavformat/g722.o
CC	libavformat/g723_1.o
CC	libavformat/g728dec.o
CC	libavformat/g729dec.o
CC	libavformat/gdv.o
CC	libavformat/genh.o
CC	libavformat/gif.o
CC	libavformat/gifdec.o
CC	libavformat/gsmdec.o
CC	libavformat/gxf.o
CC	libavformat/gxfenc.o
CC	libavformat/h261dec.o
CC	libavformat/h263dec.o
CC	libavformat/h264dec.o
CC	libavformat/hca.o
CC	libavformat/hcom.o
CC	libavformat/hdsenc.o
CC	libavformat/hevc.o
CC	libavformat/hevcdec.o
CC	libavformat/hls_sample_encryption.o
CC	libavformat/hlsplaylist.o
CC	libavformat/hnm.o
CC	libavformat/httpauth.o
CC	libavformat/hxvs.o
CC	libavformat/iamf.o
CC	libavformat/iamf_parse.o
CC	libavformat/iamf_reader.o
CC	libavformat/iamfdec.o
CC	libavformat/iamf_writer.o
CC	libavformat/iamfenc.o
CC	libavformat/icecast.o
CC	libavformat/icodec.o
CC	libavformat/icoenc.o
CC	libavformat/id3v1.o
CC	libavformat/id3v2.o
CC	libavformat/id3v2enc.o
CC	libavformat/idcin.o
CC	libavformat/idroqdec.o
CC	libavformat/idroqenc.o
CC	libavformat/iff.o
CC	libavformat/ifv.o
CC	libavformat/img2.o
CC	libavformat/img2_alias_pix.o
CC	libavformat/img2_brender_pix.o
CC	libavformat/imx.o
CC	libavformat/ingenientdec.o
CC	libavformat/ip.o
CC	libavformat/ipfsgateway.o
CC	libavformat/ipmovie.o
CC	libavformat/ipudec.o
CC	libavformat/ircam.o
CC	libavformat/ircamdec.o
CC	libavformat/ircamenc.o
CC	libavformat/isom.o
CC	libavformat/isom_tags.o
CC	libavformat/iss.o
CC	libavformat/iv8.o
CC	libavformat/ivfdec.o
CC	libavformat/ivfenc.o
CC	libavformat/jacosubdec.o
CC	libavformat/jacosubenc.o
CC	libavformat/jpegxl_anim_dec.o
CC	libavformat/jvdec.o
CC	libavformat/lafdec.o
libavformat/jvdec.c: In function 'read_packet':
libavformat/jvdec.c:177:16: warning: this statement may fall through [-Wimplicit-fallthrough=]
  177 |             if (jvf->audio_size) {
      |                ^
libavformat/jvdec.c:185:9: note: here
  185 |         case JV_VIDEO:
      |         ^~~~
libavformat/jvdec.c:187:33: warning: this statement may fall through [-Wimplicit-fallthrough=]
  187 |             if (jvf->video_size || jvf->palette_size) {
      |                 ~~~~~~~~~~~~~~~~^~~~~~~~~~~~~~~~~~~~
libavformat/jvdec.c:209:9: note: here
  209 |         case JV_PADDING:
      |         ^~~~
CC	libavformat/latmenc.o
CC	libavformat/lcevc.o
CC	libavformat/lmlm4.o
CC	libavformat/loasdec.o
CC	libavformat/lrc.o
CC	libavformat/lrcdec.o
CC	libavformat/lrcenc.o
CC	libavformat/luodatdec.o
CC	libavformat/lvfdec.o
CC	libavformat/lxfdec.o
CC	libavformat/m4vdec.o
CC	libavformat/matroska.o
CC	libavformat/mca.o
CC	libavformat/mccdec.o
CC	libavformat/mccenc.o
CC	libavformat/md5proto.o
CC	libavformat/metadata.o
CC	libavformat/mgsts.o
CC	libavformat/microdvddec.o
CC	libavformat/microdvdenc.o
CC	libavformat/mj2kdec.o
CC	libavformat/mkvtimestamp_v2.o
CC	libavformat/mlvdec.o
CC	libavformat/mm.o
CC	libavformat/mms.o
CC	libavformat/mmsh.o
CC	libavformat/mmst.o
CC	libavformat/mods.o
CC	libavformat/moflex.o
CC	libavformat/mov_chan.o
CC	libavformat/mov_esds.o
CC	libavformat/movenc_ttml.o
CC	libavformat/movenccenc.o
CC	libavformat/movenchint.o
CC	libavformat/mp3dec.o
CC	libavformat/mp3enc.o
CC	libavformat/mpc.o
CC	libavformat/mpc8.o
CC	libavformat/mpegtsenc.o
CC	libavformat/mpegvideodec.o
CC	libavformat/mpjpeg.o
CC	libavformat/mpjpegdec.o
CC	libavformat/mpl2dec.o
CC	libavformat/mpsubdec.o
CC	libavformat/msf.o
CC	libavformat/msnwc_tcp.o
CC	libavformat/mspdec.o
CC	libavformat/mtaf.o
CC	libavformat/mtv.o
CC	libavformat/musx.o
CC	libavformat/mux.o
CC	libavformat/mux_utils.o
CC	libavformat/mvdec.o
CC	libavformat/mvi.o
CC	libavformat/mxf.o
CC	libavformat/mxfdec.o
CC	libavformat/mxfenc.o
CC	libavformat/mxg.o
CC	libavformat/nal.o
CC	libavformat/ncdec.o
CC	libavformat/nistspheredec.o
CC	libavformat/nspdec.o
CC	libavformat/nsvdec.o
CC	libavformat/nullenc.o
libavformat/nspdec.c: In function 'nsp_read_header':
libavformat/nspdec.c:80:13: warning: this statement may fall through [-Wimplicit-fallthrough=]
   80 |             av_log(s, AV_LOG_WARNING, "Unsupported chunk!\n");
      |             ^~~~~~~~~~~~~~~~~~~~~~~~~~~~~~~~~~~~~~~~~~~~~~~~~
libavformat/nspdec.c:81:9: note: here
   81 |         case MKBETAG('S', 'D', 'A', '_'):
      |         ^~~~
CC	libavformat/nut.o
CC	libavformat/nutdec.o
CC	libavformat/nutenc.o
CC	libavformat/nuv.o
CC	libavformat/oggdec.o
CC	libavformat/oggparsedirac.o
libavformat/nuv.c: In function 'nuv_packet':
libavformat/nuv.c:275:16: warning: this statement may fall through [-Wimplicit-fallthrough=]
  275 |             if (!ctx->rtjpg_video) {
      |                ^
libavformat/nuv.c:279:9: note: here
  279 |         case NUV_VIDEO:
      |         ^~~~
CC	libavformat/oggparseflac.o
CC	libavformat/oggparseogm.o
CC	libavformat/oggparseopus.o
CC	libavformat/oggparseskeleton.o
CC	libavformat/oggparsespeex.o
CC	libavformat/oggparsetheora.o
CC	libavformat/oggparsevorbis.o
CC	libavformat/oggparsevp8.o
CC	libavformat/oma.o
CC	libavformat/omadec.o
CC	libavformat/omaenc.o
CC	libavformat/options.o
CC	libavformat/os_support.o
CC	libavformat/osq.o
CC	libavformat/packet_list.o
CC	libavformat/paf.o
CC	libavformat/pcm.o
CC	libavformat/pdvdec.o
CC	libavformat/pdvenc.o
CC	libavformat/pjsdec.o
CC	libavformat/pmpdec.o
CC	libavformat/pp_bnk.o
CC	libavformat/prompeg.o
CC	libavformat/protocols.o
CC	libavformat/psxstr.o
CC	libavformat/pva.o
CC	libavformat/pvfdec.o
CC	libavformat/qcp.o
CC	libavformat/qoadec.o
CC	libavformat/qtpalette.o
CC	libavformat/r3d.o
CC	libavformat/rawutils.o
CC	libavformat/rcwtdec.o
CC	libavformat/rcwtenc.o
CC	libavformat/rdt.o
CC	libavformat/realtextdec.o
CC	libavformat/redspark.o
CC	libavformat/replaygain.o
CC	libavformat/riffdec.o
CC	libavformat/riffenc.o
CC	libavformat/rka.o
CC	libavformat/rl2.o
CC	libavformat/rmdec.o
CC	libavformat/rm.o
CC	libavformat/rmenc.o
CC	libavformat/rmsipr.o
CC	libavformat/rpl.o
CC	libavformat/rsd.o
CC	libavformat/rso.o
CC	libavformat/rsodec.o
CC	libavformat/rsoenc.o
CC	libavformat/rtmpdigest.o
CC	libavformat/rtmphttp.o
CC	libavformat/rtmppkt.o
CC	libavformat/rtp.o
CC	libavformat/rtpdec.o
CC	libavformat/rtpdec_ac3.o
CC	libavformat/rtpdec_amr.o
CC	libavformat/rtpdec_asf.o
CC	libavformat/rtpdec_av1.o
CC	libavformat/rtpdec_dv.o
CC	libavformat/rtpdec_g726.o
CC	libavformat/rtpdec_h261.o
CC	libavformat/rtpdec_h263.o
CC	libavformat/rtpdec_h263_rfc2190.o
CC	libavformat/rtpdec_h264.o
CC	libavformat/rtpdec_hevc.o
CC	libavformat/rtpdec_ilbc.o
CC	libavformat/rtpdec_jpeg.o
CC	libavformat/rtpdec_latm.o
CC	libavformat/rtpdec_mpa_robust.o
CC	libavformat/rtpdec_mpeg12.o
CC	libavformat/rtpdec_mpeg4.o
CC	libavformat/rtpdec_mpegts.o
CC	libavformat/rtpdec_opus.o
CC	libavformat/rtpdec_qcelp.o
CC	libavformat/rtpdec_qdm2.o
CC	libavformat/rtpdec_qt.o
CC	libavformat/rtpdec_rfc4175.o
CC	libavformat/rtpdec_svq3.o
CC	libavformat/rtpdec_vc2hq.o
CC	libavformat/rtpdec_vp8.o
CC	libavformat/rtpdec_vp9.o
CC	libavformat/rtpdec_xiph.o
CC	libavformat/rtpenc.o
CC	libavformat/rtpenc_aac.o
CC	libavformat/rtpenc_amr.o
CC	libavformat/rtpenc_av1.o
CC	libavformat/rtpenc_chain.o
CC	libavformat/rtpenc_h261.o
CC	libavformat/rtpenc_h263.o
CC	libavformat/rtpenc_h263_rfc2190.o
CC	libavformat/rtpenc_h264_hevc.o
CC	libavformat/rtpenc_jpeg.o
CC	libavformat/rtpenc_latm.o
CC	libavformat/rtpenc_mpegts.o
CC	libavformat/rtpenc_mpv.o
CC	libavformat/rtpenc_rfc4175.o
CC	libavformat/rtpenc_vc2hq.o
CC	libavformat/rtpenc_vp8.o
CC	libavformat/rtpenc_vp9.o
CC	libavformat/rtpenc_xiph.o
CC	libavformat/rtpproto.o
CC	libavformat/rtspenc.o
CC	libavformat/s337m.o
CC	libavformat/samidec.o
CC	libavformat/sapdec.o
CC	libavformat/sapenc.o
CC	libavformat/sauce.o
CC	libavformat/sbcdec.o
CC	libavformat/sbgdec.o
CC	libavformat/sccdec.o
CC	libavformat/sccenc.o
CC	libavformat/scd.o
CC	libavformat/sdns.o
CC	libavformat/sdr2.o
CC	libavformat/sdsdec.o
CC	libavformat/sdxdec.o
CC	libavformat/seek.o
CC	libavformat/segafilm.o
CC	libavformat/segafilmenc.o
CC	libavformat/sga.o
CC	libavformat/serdec.o
CC	libavformat/shortendec.o
CC	libavformat/sierravmd.o
CC	libavformat/siff.o
CC	libavformat/smacker.o
CC	libavformat/smjpeg.o
CC	libavformat/smjpegdec.o
CC	libavformat/smjpegenc.o
CC	libavformat/smoothstreamingenc.o
CC	libavformat/smush.o
CC	libavformat/sol.o
CC	libavformat/soxdec.o
CC	libavformat/soxenc.o
CC	libavformat/spdif.o
CC	libavformat/spdifdec.o
CC	libavformat/spdifenc.o
CC	libavformat/srtdec.o
CC	libavformat/srtenc.o
CC	libavformat/srtp.o
CC	libavformat/srtpproto.o
CC	libavformat/stldec.o
CC	libavformat/subfile.o
CC	libavformat/subtitles.o
CC	libavformat/subviewer1dec.o
CC	libavformat/subviewerdec.o
CC	libavformat/supdec.o
CC	libavformat/supenc.o
CC	libavformat/svag.o
CC	libavformat/svs.o
CC	libavformat/swf.o
libavformat/smoothstreamingenc.c: In function 'ism_flush':
libavformat/smoothstreamingenc.c:509:49: warning: '/temp' directive output may be truncated writing 5 bytes into a region of size between 1 and 1024 [-Wformat-truncation=]
  509 |         snprintf(filename, sizeof(filename), "%s/temp", os->dirname);
      |                                                 ^~~~~
libavformat/smoothstreamingenc.c:509:9: note: 'snprintf' output between 6 and 1029 bytes into a destination of size 1024
  509 |         snprintf(filename, sizeof(filename), "%s/temp", os->dirname);
      |         ^~~~~~~~~~~~~~~~~~~~~~~~~~~~~~~~~~~~~~~~~~~~~~~~~~~~~~~~~~~~
libavformat/smoothstreamingenc.c:537:53: warning: '/temp' directive output may be truncated writing 5 bytes into a region of size between 1 and 1024 [-Wformat-truncation=]
  537 |             snprintf(filename, sizeof(filename), "%s/temp", os->dirname);
      |                                                     ^~~~~
libavformat/smoothstreamingenc.c:537:13: note: 'snprintf' output between 6 and 1029 bytes into a destination of size 1024
  537 |             snprintf(filename, sizeof(filename), "%s/temp", os->dirname);
      |             ^~~~~~~~~~~~~~~~~~~~~~~~~~~~~~~~~~~~~~~~~~~~~~~~~~~~~~~~~~~~
libavformat/smoothstreamingenc.c:544:63: warning: '/FragmentInfo(' directive output may be truncated writing 14 bytes into a region of size between 1 and 1024 [-Wformat-truncation=]
  544 |         snprintf(header_filename, sizeof(header_filename), "%s/FragmentInfo(%s=%"PRIu64")", os->dirname, os->stream_type_tag, start_ts);
      |                                                               ^~~~~~~~~~~~~~
libavformat/smoothstreamingenc.c:544:9: note: 'snprintf' output 18 or more bytes (assuming 1041) into a destination of size 1024
  544 |         snprintf(header_filename, sizeof(header_filename), "%s/FragmentInfo(%s=%"PRIu64")", os->dirname, os->stream_type_tag, start_ts);
      |         ^~~~~~~~~~~~~~~~~~~~~~~~~~~~~~~~~~~~~~~~~~~~~~~~~~~~~~~~~~~~~~~~~~~~~~~~~~~~~~~~~~~~~~~~~~~~~~~~~~~~~~~~~~~~~~~~~~~~~~~~~~~~~~~
libavformat/smoothstreamingenc.c:545:63: warning: '/Fragments(' directive output may be truncated writing 11 bytes into a region of size between 1 and 1024 [-Wformat-truncation=]
  545 |         snprintf(target_filename, sizeof(target_filename), "%s/Fragments(%s=%"PRIu64")", os->dirname, os->stream_type_tag, start_ts);
      |                                                               ^~~~~~~~~~~
libavformat/smoothstreamingenc.c:545:9: note: 'snprintf' output 15 or more bytes (assuming 1038) into a destination of size 1024
  545 |         snprintf(target_filename, sizeof(target_filename), "%s/Fragments(%s=%"PRIu64")", os->dirname, os->stream_type_tag, start_ts);
      |         ^~~~~~~~~~~~~~~~~~~~~~~~~~~~~~~~~~~~~~~~~~~~~~~~~~~~~~~~~~~~~~~~~~~~~~~~~~~~~~~~~~~~~~~~~~~~~~~~~~~~~~~~~~~~~~~~~~~~~~~~~~~~
CC	libavformat/swfdec.o
CC	libavformat/takdec.o
CC	libavformat/tcp.o
CC	libavformat/tedcaptionsdec.o
CC	libavformat/tee.o
CC	libavformat/tee_common.o
CC	libavformat/teeproto.o
CC	libavformat/thp.o
CC	libavformat/tiertexseq.o
CC	libavformat/tls.o
CC	libavformat/tmv.o
CC	libavformat/tta.o
CC	libavformat/ttaenc.o
CC	libavformat/ttmlenc.o
CC	libavformat/tty.o
CC	libavformat/txd.o
CC	libavformat/ty.o
CC	libavformat/udp.o
CC	libavformat/uncodedframecrcenc.o
CC	libavformat/url.o
CC	libavformat/urldecode.o
CC	libavformat/usmdec.o
CC	libavformat/utils.o
CC	libavformat/vag.o
CC	libavformat/vc1dec.o
CC	libavformat/vc1test.o
CC	libavformat/vc1testenc.o
CC	libavformat/version.o
CC	libavformat/vividas.o
CC	libavformat/vivo.o
CC	libavformat/voc_packet.o
CC	libavformat/vocdec.o
CC	libavformat/vocenc.o
CC	libavformat/vorbiscomment.o
CC	libavformat/vpcc.o
CC	libavformat/vpk.o
CC	libavformat/vplayerdec.o
CC	libavformat/vqf.o
CC	libavformat/vvc.o
CC	libavformat/vvcdec.o
CC	libavformat/w64.o
CC	libavformat/wady.o
CC	libavformat/wavarc.o
CC	libavformat/wc3movie.o
CC	libavformat/webm_chunk.o
CC	libavformat/webmdashenc.o
CC	libavformat/webp_anim_dec.o
CC	libavformat/webpenc.o
CC	libavformat/webvttdec.o
CC	libavformat/webvttenc.o
CC	libavformat/westwood_aud.o
CC	libavformat/westwood_audenc.o
CC	libavformat/westwood_vqa.o
CC	libavformat/whip.o
CC	libavformat/wsddec.o
CC	libavformat/wtv_common.o
CC	libavformat/wtvdec.o
CC	libavformat/wtvenc.o
CC	libavformat/wv.o
CC	libavformat/wvdec.o
CC	libavformat/wvedec.o
CC	libavformat/wvenc.o
CC	libavformat/xa.o
CC	libavformat/xmd.o
CC	libavformat/xmv.o
CC	libavformat/xvag.o
CC	libavformat/xwma.o
CC	libavformat/yop.o
CC	libavformat/yuv4mpegdec.o
CC	libavformat/yuv4mpegenc.o
CC	libavcodec/012v.o
CC	libavcodec/4xm.o
CC	libavcodec/8bps.o
CC	libavcodec/aac/aacdec_ac.o
CC	libavcodec/aac/aacdec_fixed.o
CC	libavcodec/aac/aacdec_float.o
CC	libavcodec/aac/aacdec_lpd.o
CC	libavcodec/aac/aacdec_tab.o
CC	libavcodec/aac/aacdec_usac.o
CC	libavcodec/aac/aacdec_usac_mps212.o
CC	libavcodec/aac_parser.o
CC	libavcodec/aaccoder.o
CC	libavcodec/aacenc.o
CC	libavcodec/aacenc_is.o
libavcodec/aacenc.c: In function 'aac_encode_frame':
libavcodec/aacenc.c:873:35: warning: writing 1 byte into a region of size 0 [-Wstringop-overflow=]
  873 |                 ics->group_len[w] = wi[ch].grouping[w];
      |                 ~~~~~~~~~~~~~~~~~~^~~~~~~~~~~~~~~~~~~~
In file included from libavcodec/aacenc.c:49:
libavcodec/aacenc.h:81:13: note: at offset 8 into destination object 'group_len' of size 8
   81 |     uint8_t group_len[8];
      |             ^~~~~~~~~
libavcodec/aacenc.c:873:35: warning: writing 1 byte into a region of size 0 [-Wstringop-overflow=]
  873 |                 ics->group_len[w] = wi[ch].grouping[w];
      |                 ~~~~~~~~~~~~~~~~~~^~~~~~~~~~~~~~~~~~~~
libavcodec/aacenc.h:81:13: note: at offset 9 into destination object 'group_len' of size 8
   81 |     uint8_t group_len[8];
      |             ^~~~~~~~~
CC	libavcodec/aacenc_tns.o
CC	libavcodec/aacencdsp.o
CC	libavcodec/aacenctab.o
CC	libavcodec/aacps_common.o
CC	libavcodec/aacps_fixed.o
CC	libavcodec/aacps_float.o
CC	libavcodec/aacpsdsp_fixed.o
CC	libavcodec/aacpsdsp_float.o
CC	libavcodec/aacpsy.o
CC	libavcodec/aacsbr.o
CC	libavcodec/aacsbr_fixed.o
CC	libavcodec/aandcttab.o
CC	libavcodec/aasc.o
CC	libavcodec/ac3.o
CC	libavcodec/ac3_channel_layout_tab.o
CC	libavcodec/ac3dec_data.o
CC	libavcodec/ac3dsp.o
CC	libavcodec/ac3tab.o
CC	libavcodec/acelp_filters.o
CC	libavcodec/acelp_pitch_delay.o
CC	libavcodec/acelp_vectors.o
CC	libavcodec/adpcm_data.o
CC	libavcodec/adts_header.o
CC	libavcodec/adts_parser.o
CC	libavcodec/adx.o
CC	libavcodec/adx_parser.o
CC	libavcodec/adxdec.o
CC	libavcodec/adxenc.o
CC	libavcodec/agm.o
CC	libavcodec/ahx_parser.o
CC	libavcodec/aic.o
In file included from libavcodec/aacsbr.c:383:
libavcodec/aacsbr_template.c: In function 'read_sbr_grid':
libavcodec/aacsbr_template.c:728:57: warning: writing 1 byte into a region of size 0 [-Wstringop-overflow=]
  728 |             ch_data->t_env[ch_data->bs_num_env - 1 - i] =
      |             ~~~~~~~~~~~~~~~~~~~~~~~~~~~~~~~~~~~~~~~~~~~~^
  729 |                 ch_data->t_env[ch_data->bs_num_env - i] - 2 * get_bits(gb, 2) - 2;
      |                 ~~~~~~~~~~~~~~~~~~~~~~~~~~~~~~~~~~~~~~~~~~~~~~~~~~~~~~~~~~~~~~~~~
In file included from libavcodec/aacsbr.c:31:
libavcodec/sbr.h:106:24: note: at offset [2147483649, 4294967295] into destination object 't_env' of size 9
  106 |     uint8_t            t_env[9];
      |                        ^~~~~
libavcodec/aacsbr_template.c:728:57: warning: writing 1 byte into a region of size 0 [-Wstringop-overflow=]
  728 |             ch_data->t_env[ch_data->bs_num_env - 1 - i] =
      |             ~~~~~~~~~~~~~~~~~~~~~~~~~~~~~~~~~~~~~~~~~~~~^
  729 |                 ch_data->t_env[ch_data->bs_num_env - i] - 2 * get_bits(gb, 2) - 2;
      |                 ~~~~~~~~~~~~~~~~~~~~~~~~~~~~~~~~~~~~~~~~~~~~~~~~~~~~~~~~~~~~~~~~~
libavcodec/sbr.h:106:24: note: at offset [2147483649, 4294967294] into destination object 't_env' of size 9
  106 |     uint8_t            t_env[9];
      |                        ^~~~~
libavcodec/aacsbr_template.c:728:57: warning: writing 1 byte into a region of size 0 [-Wstringop-overflow=]
  728 |             ch_data->t_env[ch_data->bs_num_env - 1 - i] =
      |             ~~~~~~~~~~~~~~~~~~~~~~~~~~~~~~~~~~~~~~~~~~~~^
  729 |                 ch_data->t_env[ch_data->bs_num_env - i] - 2 * get_bits(gb, 2) - 2;
      |                 ~~~~~~~~~~~~~~~~~~~~~~~~~~~~~~~~~~~~~~~~~~~~~~~~~~~~~~~~~~~~~~~~~
libavcodec/sbr.h:106:24: note: at offset [2147483649, 4294967293] into destination object 't_env' of size 9
  106 |     uint8_t            t_env[9];
      |                        ^~~~~
libavcodec/aacsbr_template.c:728:57: warning: writing 1 byte into a region of size 0 [-Wstringop-overflow=]
  728 |             ch_data->t_env[ch_data->bs_num_env - 1 - i] =
      |             ~~~~~~~~~~~~~~~~~~~~~~~~~~~~~~~~~~~~~~~~~~~~^
  729 |                 ch_data->t_env[ch_data->bs_num_env - i] - 2 * get_bits(gb, 2) - 2;
      |                 ~~~~~~~~~~~~~~~~~~~~~~~~~~~~~~~~~~~~~~~~~~~~~~~~~~~~~~~~~~~~~~~~~
libavcodec/sbr.h:106:24: note: at offset [2147483649, 4294967292] into destination object 't_env' of size 9
  106 |     uint8_t            t_env[9];
      |                        ^~~~~
CC	libavcodec/alac.o
CC	libavcodec/alac_data.o
CC	libavcodec/alacdsp.o
CC	libavcodec/alacenc.o
CC	libavcodec/aliaspixdec.o
CC	libavcodec/aliaspixenc.o
In file included from libavcodec/aacsbr_fixed.c:610:
libavcodec/aacsbr_template.c: In function 'read_sbr_grid':
libavcodec/aacsbr_template.c:728:57: warning: writing 1 byte into a region of size 0 [-Wstringop-overflow=]
  728 |             ch_data->t_env[ch_data->bs_num_env - 1 - i] =
      |             ~~~~~~~~~~~~~~~~~~~~~~~~~~~~~~~~~~~~~~~~~~~~^
  729 |                 ch_data->t_env[ch_data->bs_num_env - i] - 2 * get_bits(gb, 2) - 2;
      |                 ~~~~~~~~~~~~~~~~~~~~~~~~~~~~~~~~~~~~~~~~~~~~~~~~~~~~~~~~~~~~~~~~~
In file included from libavcodec/aacsbr_fixed.c:60:
libavcodec/sbr.h:106:24: note: at offset [-2147483647, -1] into destination object 't_env' of size 9
  106 |     uint8_t            t_env[9];
      |                        ^~~~~
libavcodec/aacsbr_template.c:728:57: warning: writing 1 byte into a region of size 0 [-Wstringop-overflow=]
  728 |             ch_data->t_env[ch_data->bs_num_env - 1 - i] =
      |             ~~~~~~~~~~~~~~~~~~~~~~~~~~~~~~~~~~~~~~~~~~~~^
  729 |                 ch_data->t_env[ch_data->bs_num_env - i] - 2 * get_bits(gb, 2) - 2;
      |                 ~~~~~~~~~~~~~~~~~~~~~~~~~~~~~~~~~~~~~~~~~~~~~~~~~~~~~~~~~~~~~~~~~
libavcodec/sbr.h:106:24: note: at offset [-2147483647, -2] into destination object 't_env' of size 9
  106 |     uint8_t            t_env[9];
      |                        ^~~~~
libavcodec/aacsbr_template.c:728:57: warning: writing 1 byte into a region of size 0 [-Wstringop-overflow=]
  728 |             ch_data->t_env[ch_data->bs_num_env - 1 - i] =
      |             ~~~~~~~~~~~~~~~~~~~~~~~~~~~~~~~~~~~~~~~~~~~~^
  729 |                 ch_data->t_env[ch_data->bs_num_env - i] - 2 * get_bits(gb, 2) - 2;
      |                 ~~~~~~~~~~~~~~~~~~~~~~~~~~~~~~~~~~~~~~~~~~~~~~~~~~~~~~~~~~~~~~~~~
libavcodec/sbr.h:106:24: note: at offset [-2147483647, -3] into destination object 't_env' of size 9
  106 |     uint8_t            t_env[9];
      |                        ^~~~~
libavcodec/aacsbr_template.c:728:57: warning: writing 1 byte into a region of size 0 [-Wstringop-overflow=]
  728 |             ch_data->t_env[ch_data->bs_num_env - 1 - i] =
      |             ~~~~~~~~~~~~~~~~~~~~~~~~~~~~~~~~~~~~~~~~~~~~^
  729 |                 ch_data->t_env[ch_data->bs_num_env - i] - 2 * get_bits(gb, 2) - 2;
      |                 ~~~~~~~~~~~~~~~~~~~~~~~~~~~~~~~~~~~~~~~~~~~~~~~~~~~~~~~~~~~~~~~~~
libavcodec/sbr.h:106:24: note: at offset [-2147483647, -4] into destination object 't_env' of size 9
  106 |     uint8_t            t_env[9];
      |                        ^~~~~
CC	libavcodec/allcodecs.o
CC	libavcodec/alsdec.o
CC	libavcodec/amr_parser.o
CC	libavcodec/amrnbdec.o
CC	libavcodec/amrwbdec.o
CC	libavcodec/anm.o
CC	libavcodec/ansi.o
CC	libavcodec/aom_film_grain.o
CC	libavcodec/apac.o
CC	libavcodec/apedec.o
CC	libavcodec/aptx.o
CC	libavcodec/apv_dsp.o
CC	libavcodec/apv_entropy.o
CC	libavcodec/apv_parser.o
CC	libavcodec/arbc.o
CC	libavcodec/argo.o
CC	libavcodec/ass.o
CC	libavcodec/ass_split.o
CC	libavcodec/asv.o
CC	libavcodec/atrac.o
CC	libavcodec/atrac1.o
CC	libavcodec/atrac3.o
CC	libavcodec/atrac3plus.o
CC	libavcodec/atrac3plusdec.o
CC	libavcodec/atrac3plusdsp.o
CC	libavcodec/atrac9dec.o
CC	libavcodec/atsc_a53.o
CC	libavcodec/audio_frame_queue.o
CC	libavcodec/audiodsp.o
CC	libavcodec/aura.o
CC	libavcodec/av1_levels.o
CC	libavcodec/av1_parse.o
CC	libavcodec/av1_parser.o
CC	libavcodec/avcodec.o
CC	libavcodec/avdct.o
CC	libavcodec/avrndec.o
CC	libavcodec/avs.o
CC	libavcodec/avs2.o
CC	libavcodec/avs2_parser.o
CC	libavcodec/avs3_parser.o
CC	libavcodec/avuidec.o
CC	libavcodec/avuienc.o
CC	libavcodec/bethsoftvideo.o
CC	libavcodec/bfi.o
CC	libavcodec/bgmc.o
CC	libavcodec/bink.o
CC	libavcodec/binkdsp.o
CC	libavcodec/bitpacked_dec.o
CC	libavcodec/bitpacked_enc.o
CC	libavcodec/bitstream.o
CC	libavcodec/bitstream_filters.o
CC	libavcodec/blockdsp.o
CC	libavcodec/bmp.o
CC	libavcodec/bmp_parser.o
CC	libavcodec/bmpenc.o
CC	libavcodec/bmvaudio.o
CC	libavcodec/bmvvideo.o
CC	libavcodec/bonk.o
CC	libavcodec/brenderpix.o
CC	libavcodec/bsf/aac_adtstoasc.o
CC	libavcodec/bsf/ahx_to_mp2.o
CC	libavcodec/bsf/apv_metadata.o
CC	libavcodec/bsf/av1_frame_merge.o
CC	libavcodec/bsf/av1_frame_split.o
CC	libavcodec/bsf/av1_metadata.o
CC	libavcodec/bsf/chomp.o
CC	libavcodec/bsf/dca_core.o
CC	libavcodec/bsf/dovi_rpu.o
CC	libavcodec/bsf/dovi_split.o
CC	libavcodec/bsf/dts2pts.o
CC	libavcodec/bsf/dump_extradata.o
CC	libavcodec/bsf/dv_error_marker.o
CC	libavcodec/bsf/eac3_core.o
CC	libavcodec/bsf/eia608_to_smpte436m.o
CC	libavcodec/bsf/evc_frame_merge.o
CC	libavcodec/bsf/extract_extradata.o
CC	libavcodec/bsf/filter_units.o
CC	libavcodec/bsf/h264_metadata.o
CC	libavcodec/bsf/h264_mp4toannexb.o
CC	libavcodec/bsf/h264_redundant_pps.o
CC	libavcodec/bsf/h265_metadata.o
CC	libavcodec/bsf/h266_metadata.o
CC	libavcodec/bsf/hapqa_extract.o
CC	libavcodec/bsf/hevc_mp4toannexb.o
CC	libavcodec/bsf/imx_dump_header.o
CC	libavcodec/bsf/lcevc_metadata.o
CC	libavcodec/bsf/media100_to_mjpegb.o
CC	libavcodec/bsf/mjpeg2jpeg.o
CC	libavcodec/bsf/mjpega_dump_header.o
CC	libavcodec/bsf/movsub.o
CC	libavcodec/bsf/mpeg2_metadata.o
CC	libavcodec/bsf/mpeg4_unpack_bframes.o
CC	libavcodec/bsf/noise.o
CC	libavcodec/bsf/null.o
CC	libavcodec/bsf/opus_metadata.o
CC	libavcodec/bsf/pcm_rechunk.o
CC	libavcodec/bsf/pelorus_fgs.o
CC	libavcodec/bsf/pgs_frame_merge.o
CC	libavcodec/bsf/prores_metadata.o
CC	libavcodec/bsf/remove_extradata.o
CC	libavcodec/bsf/setts.o
CC	libavcodec/bsf/showinfo.o
CC	libavcodec/bsf/smpte436m_to_eia608.o
CC	libavcodec/bsf/trace_headers.o
CC	libavcodec/bsf/truehd_core.o
CC	libavcodec/bsf/vp9_metadata.o
CC	libavcodec/bsf/vp9_raw_reorder.o
CC	libavcodec/bsf/vp9_superframe.o
CC	libavcodec/bsf/vp9_superframe_split.o
CC	libavcodec/bsf/vvc_mp4toannexb.o
CC	libavcodec/bswapdsp.o
CC	libavcodec/c93.o
CC	libavcodec/cabac.o
CC	libavcodec/canopus.o
CC	libavcodec/cavs.o
CC	libavcodec/cavs_parser.o
CC	libavcodec/cavsdata.o
CC	libavcodec/cavsdec.o
CC	libavcodec/cavsdsp.o
CC	libavcodec/cbrt_data.o
CC	libavcodec/cbrt_data_fixed.o
CC	libavcodec/cbrt_tablegen_common.o
CC	libavcodec/cbs.o
CC	libavcodec/cbs_apv.o
CC	libavcodec/cbs_av1.o
CC	libavcodec/cbs_bsf.o
CC	libavcodec/cbs_h264.o
CC	libavcodec/cbs_h2645.o
CC	libavcodec/cbs_h265.o
CC	libavcodec/cbs_h266.o
CC	libavcodec/cbs_lcevc.o
CC	libavcodec/cbs_mpeg2.o
CC	libavcodec/cbs_sei.o
CC	libavcodec/cbs_vp8.o
CC	libavcodec/cbs_vp9.o
CC	libavcodec/ccaption_dec.o
CC	libavcodec/cdgraphics.o
CC	libavcodec/cdtoons.o
CC	libavcodec/cdxl.o
CC	libavcodec/celp_filters.o
CC	libavcodec/celp_math.o
CC	libavcodec/cfhd.o
CC	libavcodec/cfhddata.o
CC	libavcodec/cfhddsp.o
CC	libavcodec/cfhdenc.o
CC	libavcodec/cfhdencdsp.o
CC	libavcodec/cga_data.o
CC	libavcodec/cinepak.o
CC	libavcodec/cinepakenc.o
CC	libavcodec/clearvideo.o
CC	libavcodec/cljrdec.o
CC	libavcodec/cljrenc.o
CC	libavcodec/cllc.o
CC	libavcodec/cngdec.o
CC	libavcodec/cngenc.o
CC	libavcodec/codec_desc.o
CC	libavcodec/codec_par.o
CC	libavcodec/cook.o
CC	libavcodec/cook_parser.o
CC	libavcodec/cpia.o
CC	libavcodec/cri.o
CC	libavcodec/cri_parser.o
CC	libavcodec/cscd.o
CC	libavcodec/d3d11va.o
CC	libavcodec/d3d12va_encode_h264.o
CC	libavcodec/d3d12va_encode_hevc.o
CC	libavcodec/dca.o
CC	libavcodec/dca_core.o
CC	libavcodec/dca_exss.o
CC	libavcodec/dca_lbr.o
CC	libavcodec/dca_parser.o
CC	libavcodec/dca_sample_rate_tab.o
CC	libavcodec/dca_xll.o
CC	libavcodec/dcaadpcm.o
CC	libavcodec/dcadata.o
CC	libavcodec/dcadct.o
CC	libavcodec/dcadec.o
CC	libavcodec/dcadsp.o
CC	libavcodec/dcaenc.o
CC	libavcodec/dcahuff.o
CC	libavcodec/dct32_fixed.o
CC	libavcodec/dct32_float.o
CC	libavcodec/dds.o
CC	libavcodec/decode.o
CC	libavcodec/dfa.o
CC	libavcodec/dfpwmdec.o
CC	libavcodec/dfpwmenc.o
CC	libavcodec/dirac.o
CC	libavcodec/dirac_arith.o
CC	libavcodec/dirac_dwt.o
CC	libavcodec/dirac_parser.o
CC	libavcodec/dirac_vlc.o
CC	libavcodec/diracdec.o
CC	libavcodec/diracdsp.o
CC	libavcodec/diractab.o
CC	libavcodec/dnxhd_parser.o
CC	libavcodec/dnxhddata.o
CC	libavcodec/dnxhddec.o
CC	libavcodec/dnxhdenc.o
CC	libavcodec/dnxuc_parser.o
CC	libavcodec/dolby_e.o
CC	libavcodec/dolby_e_parse.o
CC	libavcodec/dolby_e_parser.o
CC	libavcodec/dovi_rpu.o
CC	libavcodec/dovi_rpudec.o
CC	libavcodec/dovi_rpuenc.o
CC	libavcodec/dpcm.o
CC	libavcodec/dpx_parser.o
CC	libavcodec/dpxenc.o
CC	libavcodec/dsd.o
CC	libavcodec/dsddec.o
CC	libavcodec/dsicinaudio.o
CC	libavcodec/dsicinvideo.o
CC	libavcodec/dss_sp.o
CC	libavcodec/dstdec.o
CC	libavcodec/dv.o
CC	libavcodec/dv_profile.o
CC	libavcodec/dvaudio_parser.o
CC	libavcodec/dvaudiodec.o
CC	libavcodec/dvbsub_parser.o
CC	libavcodec/dvbsubdec.o
CC	libavcodec/dvbsubenc.o
CC	libavcodec/dvd_nav_parser.o
CC	libavcodec/dvdata.o
CC	libavcodec/dvdec.o
CC	libavcodec/dvdsub.o
CC	libavcodec/dvdsub_parser.o
CC	libavcodec/dvdsubdec.o
CC	libavcodec/dvdsubenc.o
CC	libavcodec/dvenc.o
CC	libavcodec/dxa.o
CC	libavcodec/dxtory.o
CC	libavcodec/dxv.o
CC	libavcodec/dxvenc.o
CC	libavcodec/dynamic_hdr_vivid.o
CC	libavcodec/eac3_data.o
CC	libavcodec/eac3enc.o
CC	libavcodec/eacmv.o
CC	libavcodec/eaidct.o
CC	libavcodec/eamad.o
CC	libavcodec/eatgq.o
CC	libavcodec/eatgv.o
CC	libavcodec/eatqi.o
CC	libavcodec/elbg.o
CC	libavcodec/elsdec.o
CC	libavcodec/encode.o
CC	libavcodec/error_resilience.o
CC	libavcodec/escape124.o
CC	libavcodec/escape130.o
CC	libavcodec/evc_parse.o
CC	libavcodec/evc_parser.o
CC	libavcodec/evc_ps.o
CC	libavcodec/evrcdec.o
CC	libavcodec/executor.o
CC	libavcodec/exif.o
CC	libavcodec/exr.o
CC	libavcodec/exrdsp.o
CC	libavcodec/exrenc.o
CC	libavcodec/faandct.o
CC	libavcodec/faanidct.o
CC	libavcodec/fastaudio.o
CC	libavcodec/faxcompr.o
CC	libavcodec/fdctdsp.o
CC	libavcodec/ffv1.o
CC	libavcodec/ffv1_parse.o
CC	libavcodec/ffv1_parser.o
CC	libavcodec/ffv1_vulkan.o
CC	libavcodec/ffv1enc.o
CC	libavcodec/ffv1enc_vulkan.o
CC	libavcodec/ffwavesynth.o
CC	libavcodec/fic.o
CC	libavcodec/fits.o
CC	libavcodec/fitsdec.o
CC	libavcodec/fitsenc.o
CC	libavcodec/flac.o
CC	libavcodec/flac_parser.o
CC	libavcodec/flacdata.o
CC	libavcodec/flacdec.o
CC	libavcodec/flacdsp.o
CC	libavcodec/flacenc.o
CC	libavcodec/flacencdsp.o
CC	libavcodec/flashsv2enc.o
CC	libavcodec/flashsvenc.o
CC	libavcodec/flicvideo.o
CC	libavcodec/flvdec.o
CC	libavcodec/flvenc.o
CC	libavcodec/fmtconvert.o
libavcodec/ffv1enc.c: In function 'encode_float32_remap.isra':
libavcodec/ffv1enc.c:1497:13: warning: stack usage is 139968 bytes [-Wstack-usage=]
 1497 | static void encode_float32_remap(FFV1Context *f, FFV1SliceContext *sc,
      |             ^~~~~~~~~~~~~~~~~~~~
CC	libavcodec/fmvc.o
CC	libavcodec/frame_thread_encoder.o
CC	libavcodec/fraps.o
CC	libavcodec/frwu.o
CC	libavcodec/ftr.o
CC	libavcodec/ftr_parser.o
CC	libavcodec/g2meet.o
CC	libavcodec/g722.o
CC	libavcodec/g722dec.o
CC	libavcodec/g722dsp.o
CC	libavcodec/g722enc.o
CC	libavcodec/g723_1.o
CC	libavcodec/g723_1_parser.o
CC	libavcodec/g723_1dec.o
CC	libavcodec/g723_1enc.o
CC	libavcodec/g728dec.o
CC	libavcodec/g729_parser.o
CC	libavcodec/g729dec.o
CC	libavcodec/g729postfilter.o
CC	libavcodec/gdv.o
CC	libavcodec/gemdec.o
CC	libavcodec/get_buffer.o
CC	libavcodec/gif.o
CC	libavcodec/gif_parser.o
CC	libavcodec/gifdec.o
CC	libavcodec/golomb.o
CC	libavcodec/gsm_parser.o
CC	libavcodec/gsmdec_data.o
CC	libavcodec/h261.o
CC	libavcodec/h261_parser.o
CC	libavcodec/h261data.o
CC	libavcodec/h261dec.o
CC	libavcodec/h261enc.o
CC	libavcodec/h263.o
CC	libavcodec/h263_parser.o
CC	libavcodec/h263data.o
CC	libavcodec/h263dsp.o
CC	libavcodec/h2645_parse.o
CC	libavcodec/h2645_vui.o
CC	libavcodec/h2645data.o
CC	libavcodec/h264_cabac.o
CC	libavcodec/h264_cavlc.o
CC	libavcodec/h264_direct.o
CC	libavcodec/h264_levels.o
CC	libavcodec/h264_loopfilter.o
CC	libavcodec/h264_mb.o
CC	libavcodec/h264_parse.o
CC	libavcodec/h264_parser.o
CC	libavcodec/h264_picture.o
CC	libavcodec/h264_ps.o
CC	libavcodec/h264_refs.o
CC	libavcodec/h264_sei.o
CC	libavcodec/h264chroma.o
CC	libavcodec/h264data.o
CC	libavcodec/h264dsp.o
CC	libavcodec/h264idct.o
CC	libavcodec/h264pred.o
CC	libavcodec/h264qpel.o
CC	libavcodec/h265_profile_level.o
CC	libavcodec/h274.o
CC	libavcodec/hap.o
CC	libavcodec/hapdec.o
CC	libavcodec/hashtable.o
CC	libavcodec/hcadec.o
CC	libavcodec/hcom.o
CC	libavcodec/hdr_parser.o
CC	libavcodec/hdrdec.o
CC	libavcodec/hdrenc.o
CC	libavcodec/hevc/cabac.o
CC	libavcodec/hevc/data.o
CC	libavcodec/hevc/dsp.o
CC	libavcodec/hevc/filter.o
CC	libavcodec/hevc/mvs.o
CC	libavcodec/hevc/parse.o
CC	libavcodec/hevc/parser.o
CC	libavcodec/hevc/pred.o
CC	libavcodec/hevc/ps.o
CC	libavcodec/hevc/ps_enc.o
CC	libavcodec/hevc/refs.o
CC	libavcodec/hevc/sei.o
CC	libavcodec/hnm4video.o
CC	libavcodec/hpeldsp.o
CC	libavcodec/hq_common.o
CC	libavcodec/hq_hqa.o
CC	libavcodec/hq_hqadsp.o
CC	libavcodec/hqx.o
CC	libavcodec/hqxdsp.o
CC	libavcodec/htmlsubtitles.o
CC	libavcodec/huffman.o
CC	libavcodec/huffyuv.o
CC	libavcodec/huffyuvdsp.o
CC	libavcodec/huffyuvencdsp.o
CC	libavcodec/hw_base_encode.o
CC	libavcodec/hw_base_encode_h264.o
CC	libavcodec/hw_base_encode_h265.o
CC	libavcodec/idcinvideo.o
CC	libavcodec/iff.o
CC	libavcodec/ilbcdec.o
CC	libavcodec/imgconvert.o
CC	libavcodec/imm4.o
CC	libavcodec/imm5.o
CC	libavcodec/imx.o
CC	libavcodec/indeo2.o
CC	libavcodec/indeo3.o
CC	libavcodec/indeo4.o
CC	libavcodec/indeo5.o
CC	libavcodec/intelh263dec.o
CC	libavcodec/interplayacm.o
CC	libavcodec/interplayvideo.o
CC	libavcodec/intrax8.o
CC	libavcodec/intrax8dsp.o
CC	libavcodec/ipu_parser.o
CC	libavcodec/itut35.o
CC	libavcodec/ivi.o
CC	libavcodec/ivi_dsp.o
CC	libavcodec/j2kenc.o
CC	libavcodec/jacosubdec.o
CC	libavcodec/jfdctfst.o
CC	libavcodec/jfdctint.o
CC	libavcodec/jni.o
CC	libavcodec/jpeg2000.o
CC	libavcodec/jpeg2000_parser.o
CC	libavcodec/jpeg2000dec.o
CC	libavcodec/jpeg2000dsp.o
CC	libavcodec/jpeg2000dwt.o
CC	libavcodec/jpeg2000htdec.o
CC	libavcodec/jpegls.o
CC	libavcodec/jpeglsdec.o
CC	libavcodec/jpeglsenc.o
CC	libavcodec/jpegquanttables.o
CC	libavcodec/jpegtables.o
CC	libavcodec/jpegxl_parse.o
CC	libavcodec/jpegxl_parser.o
CC	libavcodec/jpegxs_parser.o
CC	libavcodec/jrevdct.o
CC	libavcodec/jvdec.o
CC	libavcodec/kbdwin.o
CC	libavcodec/kgv1dec.o
CC	libavcodec/kmvc.o
CC	libavcodec/lagarith.o
CC	libavcodec/lagarithrac.o
CC	libavcodec/latm_parser.o
CC	libavcodec/lcevc_parser.o
libavcodec/lcevc_parser.c: In function 'parse_nal_units':
libavcodec/lcevc_parser.c:190:26: warning: this statement may fall through [-Wimplicit-fallthrough=]
  190 |             s->key_frame = 1;
      |             ~~~~~~~~~~~~~^~~
libavcodec/lcevc_parser.c:192:9: note: here
  192 |         case LCEVC_NON_IDR_NUT:
      |         ^~~~
CC	libavcodec/lcevctab.o
CC	libavcodec/lclenc.o
CC	libavcodec/leaddec.o
CC	libavcodec/libaom.o
CC	libavcodec/libaomdec.o
CC	libavcodec/libaomenc.o
CC	libavcodec/libdav1d.o
CC	libavcodec/libsvtav1.o
CC	libavcodec/libx265.o
CC	libavcodec/ljpegenc.o
CC	libavcodec/loco.o
CC	libavcodec/lossless_audiodsp.o
CC	libavcodec/lossless_videodsp.o
CC	libavcodec/lossless_videoencdsp.o
CC	libavcodec/lpc.o
CC	libavcodec/lscrdec.o
CC	libavcodec/lsp.o
CC	libavcodec/lzf.o
CC	libavcodec/lzw.o
CC	libavcodec/lzwenc.o
CC	libavcodec/m101.o
CC	libavcodec/mace.o
CC	libavcodec/magicyuv.o
CC	libavcodec/magicyuvenc.o
CC	libavcodec/mathtables.o
CC	libavcodec/mdec.o
CC	libavcodec/mediacodec.o
CC	libavcodec/metasound.o
CC	libavcodec/mf_utils.o
CC	libavcodec/mfenc.o
CC	libavcodec/microdvddec.o
CC	libavcodec/midivid.o
CC	libavcodec/mimic.o
CC	libavcodec/misc4.o
CC	libavcodec/misc4_parser.o
CC	libavcodec/mjpeg_parser.o
CC	libavcodec/mjpegbdec.o
CC	libavcodec/mjpegdec_common.o
CC	libavcodec/mjpegenc_common.o
CC	libavcodec/mjpegenc_huffman.o
CC	libavcodec/mlp.o
CC	libavcodec/mlp_parse.o
CC	libavcodec/mlp_parser.o
CC	libavcodec/mlpdsp.o
CC	libavcodec/mlz.o
CC	libavcodec/mmvideo.o
CC	libavcodec/mobiclip.o
CC	libavcodec/motion_est.o
CC	libavcodec/motionpixels.o
CC	libavcodec/movtextdec.o
CC	libavcodec/movtextenc.o
CC	libavcodec/mpc.o
CC	libavcodec/mpc7.o
CC	libavcodec/mpc8.o
CC	libavcodec/mpeg12.o
CC	libavcodec/mpeg12data.o
CC	libavcodec/mpeg12framerate.o
CC	libavcodec/mpeg4audio.o
CC	libavcodec/mpeg4audio_sample_rates.o
CC	libavcodec/mpeg4video.o
CC	libavcodec/mpeg4video_parser.o
CC	libavcodec/mpeg4videodsp.o
CC	libavcodec/mpeg4videoenc.o
CC	libavcodec/mpeg_er.o
CC	libavcodec/mpegaudio.o
CC	libavcodec/mpegaudio_parser.o
CC	libavcodec/mpegaudiodata.o
CC	libavcodec/mpegaudiodec_common.o
CC	libavcodec/mpegaudiodecheader.o
CC	libavcodec/mpegaudiodsp.o
CC	libavcodec/mpegaudiodsp_data.o
CC	libavcodec/mpegaudiodsp_fixed.o
CC	libavcodec/mpegaudiodsp_float.o
CC	libavcodec/mpegaudiotabs.o
CC	libavcodec/mpegpicture.o
CC	libavcodec/mpegutils.o
CC	libavcodec/mpegvideo.o
CC	libavcodec/mpegvideo_parser.o
CC	libavcodec/mpegvideo_unquantize.o
CC	libavcodec/mpegvideodata.o
CC	libavcodec/mpegvideoencdsp.o
CC	libavcodec/mpl2dec.o
CC	libavcodec/mqc.o
CC	libavcodec/mqcdec.o
CC	libavcodec/mqcenc.o
CC	libavcodec/mscc.o
CC	libavcodec/msgsmdec.o
CC	libavcodec/msmpeg4_vc1_data.o
CC	libavcodec/msmpeg4data.o
CC	libavcodec/msmpeg4dec.o
CC	libavcodec/msmpeg4enc.o
CC	libavcodec/msp2dec.o
CC	libavcodec/msrle.o
CC	libavcodec/msrledec.o
CC	libavcodec/msrleenc.o
CC	libavcodec/mss1.o
CC	libavcodec/mss12.o
CC	libavcodec/mss2.o
CC	libavcodec/mss2dsp.o
CC	libavcodec/mss3.o
CC	libavcodec/mss34dsp.o
CC	libavcodec/mss4.o
CC	libavcodec/msvideo1.o
CC	libavcodec/msvideo1enc.o
CC	libavcodec/mv30.o
CC	libavcodec/mvha.o
CC	libavcodec/mwsc.o
CC	libavcodec/mxpegdec.o
CC	libavcodec/nellymoser.o
CC	libavcodec/nellymoserdec.o
CC	libavcodec/nellymoserenc.o
CC	libavcodec/notchlc.o
CC	libavcodec/nuv.o
CC	libavcodec/nvdec_av1.o
CC	libavcodec/nvdec_h264.o
CC	libavcodec/nvdec_hevc.o
CC	libavcodec/nvdec_mjpeg.o
CC	libavcodec/nvdec_mpeg4.o
CC	libavcodec/nvdec_vp8.o
CC	libavcodec/nvdec_vp9.o
CC	libavcodec/nvenc_av1.o
CC	libavcodec/nvenc_h264.o
CC	libavcodec/nvenc_hevc.o
CC	libavcodec/on2avc.o
CC	libavcodec/on2avcdata.o
CC	libavcodec/opus/celt.o
CC	libavcodec/opus/dec.o
CC	libavcodec/opus/dec_celt.o
CC	libavcodec/opus/dsp.o
CC	libavcodec/opus/enc.o
CC	libavcodec/opus/enc_psy.o
CC	libavcodec/opus/frame_duration_tab.o
CC	libavcodec/opus/parse.o
CC	libavcodec/opus/parser.o
CC	libavcodec/opus/rc.o
CC	libavcodec/opus/silk.o
CC	libavcodec/opus/tab.o
CC	libavcodec/osq.o
CC	libavcodec/packet.o
CC	libavcodec/pafaudio.o
CC	libavcodec/pafvideo.o
CC	libavcodec/pamenc.o
CC	libavcodec/parser.o
CC	libavcodec/parsers.o
CC	libavcodec/pcm-bluray.o
CC	libavcodec/pcm-blurayenc.o
CC	libavcodec/pcm-dvd.o
CC	libavcodec/pcm-dvdenc.o
CC	libavcodec/pcx.o
CC	libavcodec/pcxenc.o
CC	libavcodec/pdvdec.o
CC	libavcodec/pdvenc.o
CC	libavcodec/pgssubdec.o
CC	libavcodec/pgxdec.o
CC	libavcodec/photocd.o
CC	libavcodec/pictordec.o
CC	libavcodec/pixblockdsp.o
CC	libavcodec/pixlet.o
CC	libavcodec/png.o
CC	libavcodec/png_parser.o
CC	libavcodec/pngdsp.o
CC	libavcodec/pngenc.o
CC	libavcodec/pnm.o
CC	libavcodec/pnm_parser.o
CC	libavcodec/profiles.o
CC	libavcodec/prores_parser.o
CC	libavcodec/prores_raw_parser.o
CC	libavcodec/proresdata.o
CC	libavcodec/proresdsp.o
CC	libavcodec/proresenc_anatoliy.o
CC	libavcodec/proresenc_kostya.o
CC	libavcodec/proresenc_kostya_common.o
CC	libavcodec/proresenc_kostya_vulkan.o
CC	libavcodec/prosumer.o
CC	libavcodec/psd.o
CC	libavcodec/psymodel.o
CC	libavcodec/pthread.o
CC	libavcodec/pthread_frame.o
CC	libavcodec/pthread_slice.o
CC	libavcodec/ptx.o
CC	libavcodec/qcelpdec.o
CC	libavcodec/qdm2.o
CC	libavcodec/qdmc.o
CC	libavcodec/qdrw.o
CC	libavcodec/qoadec.o
CC	libavcodec/qoi_parser.o
CC	libavcodec/qoidec.o
CC	libavcodec/qoienc.o
CC	libavcodec/qpeg.o
CC	libavcodec/qsv.o
CC	libavcodec/qsv_api.o
CC	libavcodec/qsvenc.o
CC	libavcodec/qsvenc_av1.o
CC	libavcodec/qsvenc_h264.o
CC	libavcodec/qsvenc_hevc.o
CC	libavcodec/qsvenc_jpeg.o
CC	libavcodec/qsvenc_mpeg2.o
CC	libavcodec/qsvenc_vp9.o
CC	libavcodec/qtrle.o
CC	libavcodec/qtrleenc.o
CC	libavcodec/ra144.o
CC	libavcodec/ra144dec.o
CC	libavcodec/ra144enc.o
CC	libavcodec/ra288.o
CC	libavcodec/ralf.o
CC	libavcodec/rangecoder.o
CC	libavcodec/rasc.o
CC	libavcodec/ratecontrol.o
CC	libavcodec/raw.o
CC	libavcodec/rawdec.o
CC	libavcodec/rawenc.o
CC	libavcodec/realtextdec.o
CC	libavcodec/rka.o
CC	libavcodec/rl.o
CC	libavcodec/rl2.o
CC	libavcodec/rle.o
CC	libavcodec/roqaudioenc.o
CC	libavcodec/roqvideo.o
CC	libavcodec/roqvideodec.o
CC	libavcodec/roqvideoenc.o
CC	libavcodec/rpza.o
CC	libavcodec/rpzaenc.o
CC	libavcodec/rscc.o
CC	libavcodec/rtjpeg.o
CC	libavcodec/rtv1.o
CC	libavcodec/rv10.o
CC	libavcodec/rv10enc.o
CC	libavcodec/rv20enc.o
CC	libavcodec/rv30.o
CC	libavcodec/rv30dsp.o
CC	libavcodec/rv34.o
CC	libavcodec/rv34_parser.o
CC	libavcodec/rv34dsp.o
CC	libavcodec/rv40.o
CC	libavcodec/rv40dsp.o
CC	libavcodec/rv60dec.o
CC	libavcodec/rv60dsp.o
CC	libavcodec/s302m.o
CC	libavcodec/s302menc.o
CC	libavcodec/samidec.o
CC	libavcodec/sanm.o
CC	libavcodec/sbc.o
CC	libavcodec/sbc_parser.o
CC	libavcodec/sbcdec.o
CC	libavcodec/sbcdsp.o
CC	libavcodec/sbcenc.o
CC	libavcodec/sbrdsp.o
CC	libavcodec/sbrdsp_fixed.o
CC	libavcodec/scpr.o
CC	libavcodec/screenpresso.o
CC	libavcodec/sga.o
CC	libavcodec/sgidec.o
CC	libavcodec/sgienc.o
CC	libavcodec/sgirledec.o
CC	libavcodec/sheervideo.o
CC	libavcodec/shorten.o
CC	libavcodec/simple_idct.o
CC	libavcodec/sinewin.o
CC	libavcodec/sipr.o
CC	libavcodec/sipr16k.o
CC	libavcodec/sipr_parser.o
CC	libavcodec/siren.o
CC	libavcodec/smacker.o
CC	libavcodec/smc.o
CC	libavcodec/smcenc.o
CC	libavcodec/smpte_436m.o
CC	libavcodec/snappy.o
In function 'filter_weak',
    inlined from 'pred_angle' at libavcodec/rv60dec.c:750:13,
    inlined from 'pred_angle' at libavcodec/rv60dec.c:661:12:
libavcodec/rv60dec.c:606:16: warning: writing 16 bytes into a region of size 15 [-Wstringop-overflow=]
  606 |         dst[i] = (src[i - 1] + 2*src[i] + src[i + 1] + 2) >> 2;
      |         ~~~~~~~^~~~~~~~~~~~~~~~~~~~~~~~~~~~~~~~~~~~~~~~~~~~~~~
libavcodec/rv60dec.c: In function 'pred_angle':
libavcodec/rv60dec.c:663:13: note: at offset 81 into destination object 'filtered1' of size 96
  663 |     uint8_t filtered1[96], filtered2[96];
      |             ^~~~~~~~~
In function 'filter_weak',
    inlined from 'pred_angle' at libavcodec/rv60dec.c:750:13,
    inlined from 'pred_angle' at libavcodec/rv60dec.c:661:12:
libavcodec/rv60dec.c:606:16: warning: writing 16 bytes into a region of size 0 [-Wstringop-overflow=]
  606 |         dst[i] = (src[i - 1] + 2*src[i] + src[i + 1] + 2) >> 2;
      |         ~~~~~~~^~~~~~~~~~~~~~~~~~~~~~~~~~~~~~~~~~~~~~~~~~~~~~~
libavcodec/rv60dec.c: In function 'pred_angle':
libavcodec/rv60dec.c:663:13: note: at offset 97 into destination object 'filtered1' of size 96
  663 |     uint8_t filtered1[96], filtered2[96];
      |             ^~~~~~~~~
In function 'filter_weak',
    inlined from 'pred_angle' at libavcodec/rv60dec.c:750:13,
    inlined from 'pred_angle' at libavcodec/rv60dec.c:661:12:
libavcodec/rv60dec.c:606:16: warning: writing 16 bytes into a region of size 0 [-Wstringop-overflow=]
  606 |         dst[i] = (src[i - 1] + 2*src[i] + src[i + 1] + 2) >> 2;
      |         ~~~~~~~^~~~~~~~~~~~~~~~~~~~~~~~~~~~~~~~~~~~~~~~~~~~~~~
libavcodec/rv60dec.c: In function 'pred_angle':
libavcodec/rv60dec.c:663:13: note: at offset 113 into destination object 'filtered1' of size 96
  663 |     uint8_t filtered1[96], filtered2[96];
      |             ^~~~~~~~~
In function 'filter_weak',
    inlined from 'pred_angle' at libavcodec/rv60dec.c:750:13,
    inlined from 'pred_angle' at libavcodec/rv60dec.c:661:12:
libavcodec/rv60dec.c:606:16: warning: writing 16 bytes into a region of size 0 [-Wstringop-overflow=]
  606 |         dst[i] = (src[i - 1] + 2*src[i] + src[i + 1] + 2) >> 2;
      |         ~~~~~~~^~~~~~~~~~~~~~~~~~~~~~~~~~~~~~~~~~~~~~~~~~~~~~~
libavcodec/rv60dec.c: In function 'pred_angle':
libavcodec/rv60dec.c:663:13: note: at offset 129 into destination object 'filtered1' of size 96
  663 |     uint8_t filtered1[96], filtered2[96];
      |             ^~~~~~~~~
In function 'filter_weak',
    inlined from 'pred_angle' at libavcodec/rv60dec.c:750:13,
    inlined from 'pred_angle' at libavcodec/rv60dec.c:661:12:
libavcodec/rv60dec.c:606:16: warning: writing 16 bytes into a region of size 0 [-Wstringop-overflow=]
  606 |         dst[i] = (src[i - 1] + 2*src[i] + src[i + 1] + 2) >> 2;
      |         ~~~~~~~^~~~~~~~~~~~~~~~~~~~~~~~~~~~~~~~~~~~~~~~~~~~~~~
libavcodec/rv60dec.c: In function 'pred_angle':
libavcodec/rv60dec.c:663:13: note: at offset 145 into destination object 'filtered1' of size 96
  663 |     uint8_t filtered1[96], filtered2[96];
      |             ^~~~~~~~~
In function 'filter_weak',
    inlined from 'pred_angle' at libavcodec/rv60dec.c:673:13,
    inlined from 'pred_angle' at libavcodec/rv60dec.c:661:12:
libavcodec/rv60dec.c:606:16: warning: writing 16 bytes into a region of size 15 [-Wstringop-overflow=]
  606 |         dst[i] = (src[i - 1] + 2*src[i] + src[i + 1] + 2) >> 2;
      |         ~~~~~~~^~~~~~~~~~~~~~~~~~~~~~~~~~~~~~~~~~~~~~~~~~~~~~~
libavcodec/rv60dec.c: In function 'pred_angle':
libavcodec/rv60dec.c:663:13: note: at offset 81 into destination object 'filtered1' of size 96
  663 |     uint8_t filtered1[96], filtered2[96];
      |             ^~~~~~~~~
In function 'filter_weak',
    inlined from 'pred_angle' at libavcodec/rv60dec.c:673:13,
    inlined from 'pred_angle' at libavcodec/rv60dec.c:661:12:
libavcodec/rv60dec.c:606:16: warning: writing 16 bytes into a region of size 0 [-Wstringop-overflow=]
  606 |         dst[i] = (src[i - 1] + 2*src[i] + src[i + 1] + 2) >> 2;
      |         ~~~~~~~^~~~~~~~~~~~~~~~~~~~~~~~~~~~~~~~~~~~~~~~~~~~~~~
libavcodec/rv60dec.c: In function 'pred_angle':
libavcodec/rv60dec.c:663:13: note: at offset 97 into destination object 'filtered1' of size 96
  663 |     uint8_t filtered1[96], filtered2[96];
      |             ^~~~~~~~~
In function 'filter_weak',
    inlined from 'pred_angle' at libavcodec/rv60dec.c:673:13,
    inlined from 'pred_angle' at libavcodec/rv60dec.c:661:12:
libavcodec/rv60dec.c:606:16: warning: writing 16 bytes into a region of size 0 [-Wstringop-overflow=]
  606 |         dst[i] = (src[i - 1] + 2*src[i] + src[i + 1] + 2) >> 2;
      |         ~~~~~~~^~~~~~~~~~~~~~~~~~~~~~~~~~~~~~~~~~~~~~~~~~~~~~~
libavcodec/rv60dec.c: In function 'pred_angle':
libavcodec/rv60dec.c:663:13: note: at offset 113 into destination object 'filtered1' of size 96
  663 |     uint8_t filtered1[96], filtered2[96];
      |             ^~~~~~~~~
In function 'filter_weak',
    inlined from 'pred_angle' at libavcodec/rv60dec.c:673:13,
    inlined from 'pred_angle' at libavcodec/rv60dec.c:661:12:
libavcodec/rv60dec.c:606:16: warning: writing 16 bytes into a region of size 0 [-Wstringop-overflow=]
  606 |         dst[i] = (src[i - 1] + 2*src[i] + src[i + 1] + 2) >> 2;
      |         ~~~~~~~^~~~~~~~~~~~~~~~~~~~~~~~~~~~~~~~~~~~~~~~~~~~~~~
libavcodec/rv60dec.c: In function 'pred_angle':
libavcodec/rv60dec.c:663:13: note: at offset 129 into destination object 'filtered1' of size 96
  663 |     uint8_t filtered1[96], filtered2[96];
      |             ^~~~~~~~~
In function 'filter_weak',
    inlined from 'pred_angle' at libavcodec/rv60dec.c:673:13,
    inlined from 'pred_angle' at libavcodec/rv60dec.c:661:12:
libavcodec/rv60dec.c:606:16: warning: writing 16 bytes into a region of size 0 [-Wstringop-overflow=]
  606 |         dst[i] = (src[i - 1] + 2*src[i] + src[i + 1] + 2) >> 2;
      |         ~~~~~~~^~~~~~~~~~~~~~~~~~~~~~~~~~~~~~~~~~~~~~~~~~~~~~~
libavcodec/rv60dec.c: In function 'pred_angle':
libavcodec/rv60dec.c:663:13: note: at offset 145 into destination object 'filtered1' of size 96
  663 |     uint8_t filtered1[96], filtered2[96];
      |             ^~~~~~~~~
CC	libavcodec/snow.o
CC	libavcodec/snow_dwt.o
CC	libavcodec/snowdec.o
CC	libavcodec/snowenc.o
CC	libavcodec/speedhq.o
CC	libavcodec/speedhqdec.o
CC	libavcodec/speedhqenc.o
CC	libavcodec/speexdec.o
CC	libavcodec/startcode.o
CC	libavcodec/subviewerdec.o
CC	libavcodec/sunrast.o
CC	libavcodec/sunrastenc.o
CC	libavcodec/svq1.o
CC	libavcodec/svq1dec.o
CC	libavcodec/svq1enc.o
CC	libavcodec/svq3.o
CC	libavcodec/synth_filter.o
CC	libavcodec/tak.o
CC	libavcodec/tak_parser.o
CC	libavcodec/takdec.o
CC	libavcodec/takdsp.o
CC	libavcodec/targa.o
CC	libavcodec/targa_y216dec.o
CC	libavcodec/targaenc.o
libavcodec/svq1enc.c: In function 'encode_block.constprop':
libavcodec/svq1enc.c:143:29: warning: array subscript 4294967294 is above array bounds of 'int16_t[6][7][256]' {aka 'short int[6][7][256]'} [-Warray-bounds=]
  143 |     int16_t (*block)[256] = s->encoded_block_levels[level];
      |                             ^
In file included from libavcodec/mpegvideo.h:41,
                 from libavcodec/svq1enc.c:36:
libavcodec/svq1enc.c:82:34: note: while referencing 'encoded_block_levels'
   82 |     DECLARE_ALIGNED(16, int16_t, encoded_block_levels)[6][7][256];
      |                                  ^~~~~~~~~~~~~~~~~~~~
./libavutil/mem_internal.h:88:54: note: in definition of macro 'DECLARE_ALIGNED_T'
   88 |     #define DECLARE_ALIGNED_T(n,t,v)    alignas(n) t v
      |                                                      ^
./libavutil/mem_internal.h:108:34: note: in expansion of macro 'DECLARE_ALIGNED_16'
  108 | #define DECLARE_ALIGNED_V(n,t,v) DECLARE_ALIGNED_##n(t,v)
      |                                  ^~~~~~~~~~~~~~~~
./libavutil/mem_internal.h:104:32: note: in expansion of macro 'DECLARE_ALIGNED_V'
  104 | #define DECLARE_ALIGNED(n,t,v) DECLARE_ALIGNED_V(n,t,v)
      |                                ^~~~~~~~~~~~~~~~~
libavcodec/svq1enc.c:82:5: note: in expansion of macro 'DECLARE_ALIGNED'
   82 |     DECLARE_ALIGNED(16, int16_t, encoded_block_levels)[6][7][256];
      |     ^~~~~~~~~~~~~~~
libavcodec/svq1enc.c:168:49: warning: array subscript 4294967294 is above array bounds of 'const int8_t * const[6]' {aka 'const signed char * const[6]'} [-Warray-bounds=]
  168 |         codebook       = ff_svq1_inter_codebooks[level];
      |                          ~~~~~~~~~~~~~~~~~~~~~~~^~~~~~~
In file included from libavcodec/svq1enc.c:42:
libavcodec/svq1.h:55:28: note: while referencing 'ff_svq1_inter_codebooks'
   55 | extern const int8_t *const ff_svq1_inter_codebooks[6];
      |                            ^~~~~~~~~~~~~~~~~~~~~~~
libavcodec/svq1enc.c:154:49: warning: array subscript 4294967294 is above array bounds of 'const int8_t * const[6]' {aka 'const signed char * const[6]'} [-Warray-bounds=]
  154 |         codebook       = ff_svq1_intra_codebooks[level];
      |                          ~~~~~~~~~~~~~~~~~~~~~~~^~~~~~~
libavcodec/svq1.h:56:28: note: while referencing 'ff_svq1_intra_codebooks'
   56 | extern const int8_t *const ff_svq1_intra_codebooks[6];
      |                            ^~~~~~~~~~~~~~~~~~~~~~~
libavcodec/svq1enc.c:256:9: warning: array subscript 4294967294 is above array bounds of 'PutBitContext[6]' [-Warray-bounds=]
  256 |         put_bits(&s->reorder_pb[level], 1, split);
      |         ^~~~~~~~~~~~~~~~~~~~~~~~~~~~~~~~~~~~~~~~~
libavcodec/svq1enc.c:73:19: note: while referencing 'reorder_pb'
   73 |     PutBitContext reorder_pb[6];
      |                   ^~~~~~~~~~
libavcodec/svq1enc.c:267:48: warning: array subscript 68719476706 is outside array bounds of 'const uint8_t[96]' {aka 'const unsigned char[96]'} [-Warray-bounds=]
  267 |                  multistage_vlc[1 + best_count][0]);
      |                  ~~~~~~~~~~~~~~~~~~~~~~~~~~~~~~^~~
libavcodec/svq1.h:59:22: note: at offset [68719476706, 137438953410] into object 'ff_svq1_intra_multistage_vlc' of size 96
   59 | extern const uint8_t ff_svq1_intra_multistage_vlc[6][8][2];
      |                      ^~~~~~~~~~~~~~~~~~~~~~~~~~~~
libavcodec/svq1.h:60:22: note: at offset [68719476706, 137438953410] into object 'ff_svq1_inter_multistage_vlc' of size 96
   60 | extern const uint8_t ff_svq1_inter_multistage_vlc[6][8][2];
      |                      ^~~~~~~~~~~~~~~~~~~~~~~~~~~~
libavcodec/svq1enc.c:266:48: warning: array subscript 68719476706 is outside array bounds of 'const uint8_t[96]' {aka 'const unsigned char[96]'} [-Warray-bounds=]
  266 |                  multistage_vlc[1 + best_count][1],
      |                  ~~~~~~~~~~~~~~~~~~~~~~~~~~~~~~^~~
libavcodec/svq1.h:59:22: note: at offset [68719476706, 137438953410] into object 'ff_svq1_intra_multistage_vlc' of size 96
   59 | extern const uint8_t ff_svq1_intra_multistage_vlc[6][8][2];
      |                      ^~~~~~~~~~~~~~~~~~~~~~~~~~~~
libavcodec/svq1.h:60:22: note: at offset [68719476706, 137438953410] into object 'ff_svq1_inter_multistage_vlc' of size 96
   60 | extern const uint8_t ff_svq1_inter_multistage_vlc[6][8][2];
      |                      ^~~~~~~~~~~~~~~~~~~~~~~~~~~~
libavcodec/svq1enc.c:265:9: warning: array subscript 4294967294 is above array bounds of 'PutBitContext[6]' [-Warray-bounds=]
  265 |         put_bits(&s->reorder_pb[level],
      |         ^~~~~~~~~~~~~~~~~~~~~~~~~~~~~~~
  266 |                  multistage_vlc[1 + best_count][1],
      |                  ~~~~~~~~~~~~~~~~~~~~~~~~~~~~~~~~~~
  267 |                  multistage_vlc[1 + best_count][0]);
      |                  ~~~~~~~~~~~~~~~~~~~~~~~~~~~~~~~~~~
libavcodec/svq1enc.c:73:19: note: while referencing 'reorder_pb'
   73 |     PutBitContext reorder_pb[6];
      |                   ^~~~~~~~~~
libavcodec/svq1enc.c: In function 'encode_block.constprop':
libavcodec/svq1enc.c:143:29: warning: array subscript 4294967295 is above array bounds of 'int16_t[6][7][256]' {aka 'short int[6][7][256]'} [-Warray-bounds=]
  143 |     int16_t (*block)[256] = s->encoded_block_levels[level];
      |                             ^
libavcodec/svq1enc.c:82:34: note: while referencing 'encoded_block_levels'
   82 |     DECLARE_ALIGNED(16, int16_t, encoded_block_levels)[6][7][256];
      |                                  ^~~~~~~~~~~~~~~~~~~~
./libavutil/mem_internal.h:88:54: note: in definition of macro 'DECLARE_ALIGNED_T'
   88 |     #define DECLARE_ALIGNED_T(n,t,v)    alignas(n) t v
      |                                                      ^
./libavutil/mem_internal.h:108:34: note: in expansion of macro 'DECLARE_ALIGNED_16'
  108 | #define DECLARE_ALIGNED_V(n,t,v) DECLARE_ALIGNED_##n(t,v)
      |                                  ^~~~~~~~~~~~~~~~
./libavutil/mem_internal.h:104:32: note: in expansion of macro 'DECLARE_ALIGNED_V'
  104 | #define DECLARE_ALIGNED(n,t,v) DECLARE_ALIGNED_V(n,t,v)
      |                                ^~~~~~~~~~~~~~~~~
libavcodec/svq1enc.c:82:5: note: in expansion of macro 'DECLARE_ALIGNED'
   82 |     DECLARE_ALIGNED(16, int16_t, encoded_block_levels)[6][7][256];
      |     ^~~~~~~~~~~~~~~
libavcodec/svq1enc.c:168:49: warning: array subscript 4294967295 is above array bounds of 'const int8_t * const[6]' {aka 'const signed char * const[6]'} [-Warray-bounds=]
  168 |         codebook       = ff_svq1_inter_codebooks[level];
      |                          ~~~~~~~~~~~~~~~~~~~~~~~^~~~~~~
libavcodec/svq1.h:55:28: note: while referencing 'ff_svq1_inter_codebooks'
   55 | extern const int8_t *const ff_svq1_inter_codebooks[6];
      |                            ^~~~~~~~~~~~~~~~~~~~~~~
libavcodec/svq1enc.c:154:49: warning: array subscript 4294967295 is above array bounds of 'const int8_t * const[6]' {aka 'const signed char * const[6]'} [-Warray-bounds=]
  154 |         codebook       = ff_svq1_intra_codebooks[level];
      |                          ~~~~~~~~~~~~~~~~~~~~~~~^~~~~~~
libavcodec/svq1.h:56:28: note: while referencing 'ff_svq1_intra_codebooks'
   56 | extern const int8_t *const ff_svq1_intra_codebooks[6];
      |                            ^~~~~~~~~~~~~~~~~~~~~~~
libavcodec/svq1enc.c:256:9: warning: array subscript 4294967295 is above array bounds of 'PutBitContext[6]' [-Warray-bounds=]
  256 |         put_bits(&s->reorder_pb[level], 1, split);
      |         ^~~~~~~~~~~~~~~~~~~~~~~~~~~~~~~~~~~~~~~~~
libavcodec/svq1enc.c:73:19: note: while referencing 'reorder_pb'
   73 |     PutBitContext reorder_pb[6];
      |                   ^~~~~~~~~~
libavcodec/svq1enc.c:267:48: warning: array subscript 68719476722 is outside array bounds of 'const uint8_t[96]' {aka 'const unsigned char[96]'} [-Warray-bounds=]
  267 |                  multistage_vlc[1 + best_count][0]);
      |                  ~~~~~~~~~~~~~~~~~~~~~~~~~~~~~~^~~
libavcodec/svq1.h:59:22: note: at offset [68719476722, 137438953442] into object 'ff_svq1_intra_multistage_vlc' of size 96
   59 | extern const uint8_t ff_svq1_intra_multistage_vlc[6][8][2];
      |                      ^~~~~~~~~~~~~~~~~~~~~~~~~~~~
libavcodec/svq1.h:60:22: note: at offset [68719476722, 137438953442] into object 'ff_svq1_inter_multistage_vlc' of size 96
   60 | extern const uint8_t ff_svq1_inter_multistage_vlc[6][8][2];
      |                      ^~~~~~~~~~~~~~~~~~~~~~~~~~~~
libavcodec/svq1enc.c:266:48: warning: array subscript 68719476722 is outside array bounds of 'const uint8_t[96]' {aka 'const unsigned char[96]'} [-Warray-bounds=]
  266 |                  multistage_vlc[1 + best_count][1],
      |                  ~~~~~~~~~~~~~~~~~~~~~~~~~~~~~~^~~
libavcodec/svq1.h:59:22: note: at offset [68719476722, 137438953442] into object 'ff_svq1_intra_multistage_vlc' of size 96
   59 | extern const uint8_t ff_svq1_intra_multistage_vlc[6][8][2];
      |                      ^~~~~~~~~~~~~~~~~~~~~~~~~~~~
libavcodec/svq1.h:60:22: note: at offset [68719476722, 137438953442] into object 'ff_svq1_inter_multistage_vlc' of size 96
   60 | extern const uint8_t ff_svq1_inter_multistage_vlc[6][8][2];
      |                      ^~~~~~~~~~~~~~~~~~~~~~~~~~~~
libavcodec/svq1enc.c:265:9: warning: array subscript 4294967295 is above array bounds of 'PutBitContext[6]' [-Warray-bounds=]
  265 |         put_bits(&s->reorder_pb[level],
      |         ^~~~~~~~~~~~~~~~~~~~~~~~~~~~~~~
  266 |                  multistage_vlc[1 + best_count][1],
      |                  ~~~~~~~~~~~~~~~~~~~~~~~~~~~~~~~~~~
  267 |                  multistage_vlc[1 + best_count][0]);
      |                  ~~~~~~~~~~~~~~~~~~~~~~~~~~~~~~~~~~
libavcodec/svq1enc.c:73:19: note: while referencing 'reorder_pb'
   73 |     PutBitContext reorder_pb[6];
      |                   ^~~~~~~~~~
CC	libavcodec/tdsc.o
CC	libavcodec/texturedsp.o
CC	libavcodec/texturedspenc.o
CC	libavcodec/threadprogress.o
CC	libavcodec/tiertexseqv.o
CC	libavcodec/tiff.o
CC	libavcodec/tiff_common.o
CC	libavcodec/tiffenc.o
CC	libavcodec/tmv.o
CC	libavcodec/to_upper4.o
CC	libavcodec/tpeldsp.o
CC	libavcodec/truemotion1.o
CC	libavcodec/truemotion2.o
CC	libavcodec/truemotion2rt.o
CC	libavcodec/truespeech.o
CC	libavcodec/tscc.o
CC	libavcodec/tscc2.o
CC	libavcodec/tta.o
CC	libavcodec/ttadata.o
CC	libavcodec/ttadsp.o
CC	libavcodec/ttaenc.o
CC	libavcodec/ttaencdsp.o
CC	libavcodec/ttmlenc.o
CC	libavcodec/twinvq.o
CC	libavcodec/twinvqdec.o
CC	libavcodec/txd.o
CC	libavcodec/ulti.o
CC	libavcodec/utils.o
CC	libavcodec/utvideodec.o
CC	libavcodec/utvideodsp.o
CC	libavcodec/utvideoenc.o
CC	libavcodec/v210dec.o
CC	libavcodec/v210enc.o
CC	libavcodec/v210x.o
CC	libavcodec/vb.o
CC	libavcodec/vble.o
CC	libavcodec/vbndec.o
CC	libavcodec/vbnenc.o
CC	libavcodec/vc1.o
CC	libavcodec/vc1_block.o
CC	libavcodec/vc1_loopfilter.o
CC	libavcodec/vc1_mc.o
CC	libavcodec/vc1_parser.o
CC	libavcodec/vc1_pred.o
CC	libavcodec/vc1data.o
CC	libavcodec/vc2enc.o
CC	libavcodec/vc2enc_dwt.o
CC	libavcodec/vcr1.o
CC	libavcodec/version.o
CC	libavcodec/videodsp.o
CC	libavcodec/vima.o
CC	libavcodec/vlc.o
CC	libavcodec/vmdaudio.o
CC	libavcodec/vmdvideo.o
CC	libavcodec/vmixdec.o
In function 'add_level',
    inlined from 'add_level' at libavcodec/vlc.c:457:17,
    inlined from 'add_level' at libavcodec/vlc.c:457:17,
    inlined from 'add_level' at libavcodec/vlc.c:457:17,
    inlined from 'vlc_multi_gen' at libavcodec/vlc.c:508:5,
    inlined from 'ff_vlc_init_multi_from_lengths' at libavcodec/vlc.c:564:11:
libavcodec/vlc.c:443:36: warning: array subscript 3 is above array bounds of 'uint16_t[3]' {aka 'short unsigned int[3]'} [-Warray-bounds=]
  443 |             if (is16bit) info.val16[curlevel] = sym;
      |                          ~~~~~~~~~~^~~~~~~~~~
In file included from libavcodec/vlc.c:39:
libavcodec/vlc.h: In function 'ff_vlc_init_multi_from_lengths':
libavcodec/vlc.h:59:18: note: while referencing 'val16'
   59 |         uint16_t val16[VLC_MULTI_MAX_SYMBOLS / 2];
      |                  ^~~~~
In function 'add_level',
    inlined from 'add_level' at libavcodec/vlc.c:457:17,
    inlined from 'add_level' at libavcodec/vlc.c:457:17,
    inlined from 'add_level' at libavcodec/vlc.c:457:17,
    inlined from 'add_level' at libavcodec/vlc.c:457:17,
    inlined from 'vlc_multi_gen' at libavcodec/vlc.c:508:5,
    inlined from 'ff_vlc_init_multi_from_lengths' at libavcodec/vlc.c:564:11:
libavcodec/vlc.c:443:36: warning: array subscript 4 is above array bounds of 'uint16_t[3]' {aka 'short unsigned int[3]'} [-Warray-bounds=]
  443 |             if (is16bit) info.val16[curlevel] = sym;
      |                          ~~~~~~~~~~^~~~~~~~~~
libavcodec/vlc.h: In function 'ff_vlc_init_multi_from_lengths':
libavcodec/vlc.h:59:18: note: while referencing 'val16'
   59 |         uint16_t val16[VLC_MULTI_MAX_SYMBOLS / 2];
      |                  ^~~~~
In function 'add_level',
    inlined from 'add_level' at libavcodec/vlc.c:457:17,
    inlined from 'add_level' at libavcodec/vlc.c:457:17,
    inlined from 'add_level' at libavcodec/vlc.c:457:17,
    inlined from 'add_level' at libavcodec/vlc.c:457:17,
    inlined from 'add_level' at libavcodec/vlc.c:457:17,
    inlined from 'vlc_multi_gen' at libavcodec/vlc.c:508:5,
    inlined from 'ff_vlc_init_multi_from_lengths' at libavcodec/vlc.c:564:11:
libavcodec/vlc.c:443:36: warning: array subscript 5 is above array bounds of 'uint16_t[3]' {aka 'short unsigned int[3]'} [-Warray-bounds=]
  443 |             if (is16bit) info.val16[curlevel] = sym;
      |                          ~~~~~~~~~~^~~~~~~~~~
libavcodec/vlc.h: In function 'ff_vlc_init_multi_from_lengths':
libavcodec/vlc.h:59:18: note: while referencing 'val16'
   59 |         uint16_t val16[VLC_MULTI_MAX_SYMBOLS / 2];
      |                  ^~~~~
CC	libavcodec/vmnc.o
CC	libavcodec/vorbis.o
CC	libavcodec/vorbis_data.o
CC	libavcodec/vorbisdec.o
CC	libavcodec/vorbisdsp.o
CC	libavcodec/vorbisenc.o
CC	libavcodec/vp3_parser.o
CC	libavcodec/vp3dsp.o
CC	libavcodec/vp5.o
CC	libavcodec/vp56.o
CC	libavcodec/vp56data.o
CC	libavcodec/vp5dsp.o
CC	libavcodec/vp6.o
CC	libavcodec/vp6dsp.o
CC	libavcodec/vp8_parser.o
CC	libavcodec/vp8data.o
CC	libavcodec/vp9_parser.o
CC	libavcodec/vp9block.o
CC	libavcodec/vp9data.o
CC	libavcodec/vp9dsp.o
CC	libavcodec/vp9dsp_10bpp.o
CC	libavcodec/vp9dsp_12bpp.o
CC	libavcodec/vp9lpf.o
CC	libavcodec/vp9dsp_8bpp.o
CC	libavcodec/vp9mvs.o
CC	libavcodec/vp9prob.o
CC	libavcodec/vp9recon.o
CC	libavcodec/vpx_rac.o
CC	libavcodec/vqavideo.o
CC	libavcodec/vqcdec.o
CC	libavcodec/vulkan.o
GLSLC	libavcodec/vulkan/apv_decode.comp.spv
GLSLC	libavcodec/vulkan/apv_idct.comp.spv
GLSLC	libavcodec/vulkan/dpx_copy.comp.spv
GLSLC	libavcodec/vulkan/dpx_unpack.comp.spv
GLSLC	libavcodec/vulkan/ffv1_dec.comp.spv
GLSLC	libavcodec/vulkan/ffv1_dec_bayer.comp.spv
GLSLC	libavcodec/vulkan/ffv1_dec_bayer_golomb.comp.spv
GLSLC	libavcodec/vulkan/ffv1_dec_golomb.comp.spv
GLSLC	libavcodec/vulkan/ffv1_dec_reset.comp.spv
GLSLC	libavcodec/vulkan/ffv1_dec_reset_golomb.comp.spv
GLSLC	libavcodec/vulkan/ffv1_dec_rgb.comp.spv
GLSLC	libavcodec/vulkan/ffv1_dec_rgb_float.comp.spv
GLSLC	libavcodec/vulkan/ffv1_dec_rgb_float_golomb.comp.spv
GLSLC	libavcodec/vulkan/ffv1_dec_rgb_golomb.comp.spv
GLSLC	libavcodec/vulkan/ffv1_dec_setup.comp.spv
GLSLC	libavcodec/vulkan/ffv1_enc.comp.spv
GLSLC	libavcodec/vulkan/ffv1_enc_bayer.comp.spv
GLSLC	libavcodec/vulkan/ffv1_enc_bayer_golomb.comp.spv
GLSLC	libavcodec/vulkan/ffv1_enc_golomb.comp.spv
GLSLC	libavcodec/vulkan/ffv1_enc_rct_search.comp.spv
GLSLC	libavcodec/vulkan/ffv1_enc_remap.comp.spv
GLSLC	libavcodec/vulkan/ffv1_enc_reset.comp.spv
GLSLC	libavcodec/vulkan/ffv1_enc_reset_golomb.comp.spv
GLSLC	libavcodec/vulkan/ffv1_enc_rgb.comp.spv
GLSLC	libavcodec/vulkan/ffv1_enc_rgb_float.comp.spv
GLSLC	libavcodec/vulkan/ffv1_enc_rgb_float_golomb.comp.spv
GLSLC	libavcodec/vulkan/ffv1_enc_rgb_golomb.comp.spv
GLSLC	libavcodec/vulkan/ffv1_enc_setup.comp.spv
GLSLC	libavcodec/vulkan/ffv1_enc_sort32.comp.spv
GLSLC	libavcodec/vulkan/pelorus_qpmap.comp.spv
GLSLC	libavcodec/vulkan/prores_idct.comp.spv
GLSLC	libavcodec/vulkan/prores_ks_alpha_data.comp.spv
GLSLC	libavcodec/vulkan/prores_ks_encode_slice.comp.spv
GLSLC	libavcodec/vulkan/prores_ks_estimate_slice.comp.spv
GLSLC	libavcodec/vulkan/prores_ks_slice_data.comp.spv
GLSLC	libavcodec/vulkan/prores_ks_trellis_node.comp.spv
GLSLC	libavcodec/vulkan/prores_raw_decode.comp.spv
GLSLC	libavcodec/vulkan/prores_raw_idct.comp.spv
GLSLC	libavcodec/vulkan/prores_vld.comp.spv
CC	libavcodec/vulkan_apv.o
CC	libavcodec/vulkan_av1.o
CC	libavcodec/vulkan_dpx.o
CC	libavcodec/vulkan_encode.o
CC	libavcodec/vulkan_encode_av1.o
CC	libavcodec/vulkan_encode_h264.o
CC	libavcodec/vulkan_encode_h265.o
CC	libavcodec/vulkan_ffv1.o
CC	libavcodec/vulkan_h264.o
CC	libavcodec/vulkan_hevc.o
CC	libavcodec/vulkan_prores.o
CC	libavcodec/vulkan_prores_raw.o
libavcodec/vulkan_h264.c: In function 'vk_h264_create_params':
libavcodec/vulkan_h264.c:293:12: warning: stack usage is 159760 bytes [-Wstack-usage=]
  293 | static int vk_h264_create_params(AVCodecContext *avctx, AVBufferRef **buf)
      |            ^~~~~~~~~~~~~~~~~~~~~
CC	libavcodec/vulkan_video.o
CC	libavcodec/vulkan_vp9.o
CC	libavcodec/vvc/cabac.o
CC	libavcodec/vvc/ctu.o
libavcodec/vulkan_hevc.c: In function 'vk_hevc_end_frame':
libavcodec/vulkan_hevc.c:859:12: warning: stack usage is 126064 bytes [-Wstack-usage=]
  859 | static int vk_hevc_end_frame(AVCodecContext *avctx)
      |            ^~~~~~~~~~~~~~~~~
CC	libavcodec/vvc/data.o
CC	libavcodec/vvc/dsp.o
CC	libavcodec/vvc/filter.o
CC	libavcodec/vvc/inter.o
CC	libavcodec/vvc/intra.o
CC	libavcodec/vvc/intra_utils.o
CC	libavcodec/vvc/itx_1d.o
CC	libavcodec/vvc/mvs.o
CC	libavcodec/vvc/ps.o
CC	libavcodec/vvc/refs.o
CC	libavcodec/vvc/sei.o
CC	libavcodec/vvc/thread.o
CC	libavcodec/vvc_parser.o
CC	libavcodec/wavarc.o
CC	libavcodec/wavpack.o
CC	libavcodec/wavpackdata.o
CC	libavcodec/wavpackenc.o
CC	libavcodec/wbmpdec.o
In file included from libavcodec/vvc/dsp_template.c:23,
                 from libavcodec/vvc/dsp.c:75:
libavcodec/vvc/inter_template.c: In function 'put_luma_scaled_8':
libavcodec/vvc/inter_template.c:84:18: warning: stack usage is 328176 bytes [-Wstack-usage=]
   84 | static void FUNC(put_luma_scaled)(int16_t *_dst,
      |                  ^~~~~~~~~~~~~~~
./libavcodec/bit_depth_template.c:102:25: note: in definition of macro 'FUNC3'
  102 | #define FUNC3(a, b, c)  a ## _ ## b ##  c
      |                         ^
./libavcodec/bit_depth_template.c:104:18: note: in expansion of macro 'FUNC2'
  104 | #define FUNC(a)  FUNC2(a, BIT_DEPTH,)
      |                  ^~~~~
libavcodec/vvc/inter_template.c:84:13: note: in expansion of macro 'FUNC'
   84 | static void FUNC(put_luma_scaled)(int16_t *_dst,
      |             ^~~~
CC	libavcodec/wbmpenc.o
libavcodec/vvc/inter_template.c: In function 'put_chroma_scaled_8':
libavcodec/vvc/inter_template.c:92:18: warning: stack usage is 328000 bytes [-Wstack-usage=]
   92 | static void FUNC(put_chroma_scaled)(int16_t *_dst,
      |                  ^~~~~~~~~~~~~~~~~
./libavcodec/bit_depth_template.c:102:25: note: in definition of macro 'FUNC3'
  102 | #define FUNC3(a, b, c)  a ## _ ## b ##  c
      |                         ^
./libavcodec/bit_depth_template.c:104:18: note: in expansion of macro 'FUNC2'
  104 | #define FUNC(a)  FUNC2(a, BIT_DEPTH,)
      |                  ^~~~~
libavcodec/vvc/inter_template.c:92:13: note: in expansion of macro 'FUNC'
   92 | static void FUNC(put_chroma_scaled)(int16_t *_dst,
      |             ^~~~
libavcodec/vvc/inter_template.c: In function 'put_uni_luma_scaled_8':
libavcodec/vvc/inter_template.c:100:18: warning: stack usage is 328176 bytes [-Wstack-usage=]
  100 | static void FUNC(put_uni_luma_scaled)(uint8_t *_dst, const ptrdiff_t _dst_stride,
      |                  ^~~~~~~~~~~~~~~~~~~
./libavcodec/bit_depth_template.c:102:25: note: in definition of macro 'FUNC3'
  102 | #define FUNC3(a, b, c)  a ## _ ## b ##  c
      |                         ^
./libavcodec/bit_depth_template.c:104:18: note: in expansion of macro 'FUNC2'
  104 | #define FUNC(a)  FUNC2(a, BIT_DEPTH,)
      |                  ^~~~~
libavcodec/vvc/inter_template.c:100:13: note: in expansion of macro 'FUNC'
  100 | static void FUNC(put_uni_luma_scaled)(uint8_t *_dst, const ptrdiff_t _dst_stride,
      |             ^~~~
CC	libavcodec/wcmv.o
libavcodec/vvc/inter_template.c: In function 'put_uni_chroma_scaled_8':
libavcodec/vvc/inter_template.c:108:18: warning: stack usage is 328000 bytes [-Wstack-usage=]
  108 | static void FUNC(put_uni_chroma_scaled)(uint8_t *_dst, const ptrdiff_t _dst_stride,
      |                  ^~~~~~~~~~~~~~~~~~~~~
./libavcodec/bit_depth_template.c:102:25: note: in definition of macro 'FUNC3'
  102 | #define FUNC3(a, b, c)  a ## _ ## b ##  c
      |                         ^
./libavcodec/bit_depth_template.c:104:18: note: in expansion of macro 'FUNC2'
  104 | #define FUNC(a)  FUNC2(a, BIT_DEPTH,)
      |                  ^~~~~
libavcodec/vvc/inter_template.c:108:13: note: in expansion of macro 'FUNC'
  108 | static void FUNC(put_uni_chroma_scaled)(uint8_t *_dst, const ptrdiff_t _dst_stride,
      |             ^~~~
CC	libavcodec/webp_parser.o
libavcodec/vvc/inter_template.c: In function 'put_uni_luma_w_scaled_8':
libavcodec/vvc/inter_template.c:167:18: warning: stack usage is 328176 bytes [-Wstack-usage=]
  167 | static void FUNC(put_uni_luma_w_scaled)(uint8_t *_dst, const ptrdiff_t _dst_stride,
      |                  ^~~~~~~~~~~~~~~~~~~~~
./libavcodec/bit_depth_template.c:102:25: note: in definition of macro 'FUNC3'
  102 | #define FUNC3(a, b, c)  a ## _ ## b ##  c
      |                         ^
./libavcodec/bit_depth_template.c:104:18: note: in expansion of macro 'FUNC2'
  104 | #define FUNC(a)  FUNC2(a, BIT_DEPTH,)
      |                  ^~~~~
libavcodec/vvc/inter_template.c:167:13: note: in expansion of macro 'FUNC'
  167 | static void FUNC(put_uni_luma_w_scaled)(uint8_t *_dst, const ptrdiff_t _dst_stride,
      |             ^~~~
libavcodec/vvc/inter_template.c: In function 'put_uni_chroma_w_scaled_8':
libavcodec/vvc/inter_template.c:175:18: warning: stack usage is 328000 bytes [-Wstack-usage=]
  175 | static void FUNC(put_uni_chroma_w_scaled)(uint8_t *_dst, const ptrdiff_t _dst_stride,
      |                  ^~~~~~~~~~~~~~~~~~~~~~~
./libavcodec/bit_depth_template.c:102:25: note: in definition of macro 'FUNC3'
  102 | #define FUNC3(a, b, c)  a ## _ ## b ##  c
      |                         ^
./libavcodec/bit_depth_template.c:104:18: note: in expansion of macro 'FUNC2'
  104 | #define FUNC(a)  FUNC2(a, BIT_DEPTH,)
      |                  ^~~~~
libavcodec/vvc/inter_template.c:175:13: note: in expansion of macro 'FUNC'
  175 | static void FUNC(put_uni_chroma_w_scaled)(uint8_t *_dst, const ptrdiff_t _dst_stride,
      |             ^~~~
CC	libavcodec/webvttdec.o
CC	libavcodec/webvttenc.o
CC	libavcodec/wma.o
CC	libavcodec/wma_common.o
CC	libavcodec/wma_freqs.o
CC	libavcodec/wmalosslessdec.o
CC	libavcodec/wmaprodec.o
CC	libavcodec/wmavoice.o
CC	libavcodec/wmv2data.o
CC	libavcodec/wmv2dec.o
CC	libavcodec/wmv2dsp.o
CC	libavcodec/wmv2enc.o
CC	libavcodec/wnv1.o
CC	libavcodec/wrapped_avframe.o
CC	libavcodec/ws-snd1.o
X86ASM	libavcodec/x86/aacencdsp.o
CC	libavcodec/x86/aacencdsp_init.o
STRIP	libavcodec/x86/aacencdsp.o
X86ASM	libavcodec/x86/aacpsdsp.o
CC	libavcodec/x86/aacpsdsp_init.o
X86ASM	libavcodec/x86/ac3dsp.o
X86ASM	libavcodec/x86/ac3dsp_downmix.o
CC	libavcodec/x86/ac3dsp_init.o
X86ASM	libavcodec/x86/alacdsp.o
STRIP	libavcodec/x86/ac3dsp.o
CC	libavcodec/x86/alacdsp_init.o
X86ASM	libavcodec/x86/apv_dsp.o
STRIP	libavcodec/x86/alacdsp.o
CC	libavcodec/x86/apv_dsp_init.o
STRIP	libavcodec/x86/aacpsdsp.o
X86ASM	libavcodec/x86/audiodsp.o
STRIP	libavcodec/x86/apv_dsp.o
CC	libavcodec/x86/audiodsp_init.o
X86ASM	libavcodec/x86/blockdsp.o
CC	libavcodec/x86/blockdsp_init.o
X86ASM	libavcodec/x86/bswapdsp.o
CC	libavcodec/x86/bswapdsp_init.o
X86ASM	libavcodec/x86/cavs_qpel.o
STRIP	libavcodec/x86/audiodsp.o
STRIP	libavcodec/x86/blockdsp.o
CC	libavcodec/x86/cavsdsp.o
STRIP	libavcodec/x86/ac3dsp_downmix.o
X86ASM	libavcodec/x86/cavsidct.o
STRIP	libavcodec/x86/bswapdsp.o
CC	libavcodec/x86/celt_pvq_init.o
X86ASM	libavcodec/x86/celt_pvq_search.o
X86ASM	libavcodec/x86/cfhddsp.o
CC	libavcodec/x86/cfhddsp_init.o
In file included from libavcodec/vvc/dsp_template.c:23,
                 from libavcodec/vvc/dsp.c:79:
libavcodec/vvc/inter_template.c: In function 'put_luma_scaled_10':
libavcodec/vvc/inter_template.c:84:18: warning: stack usage is 328368 bytes [-Wstack-usage=]
   84 | static void FUNC(put_luma_scaled)(int16_t *_dst,
      |                  ^~~~~~~~~~~~~~~
./libavcodec/bit_depth_template.c:102:25: note: in definition of macro 'FUNC3'
  102 | #define FUNC3(a, b, c)  a ## _ ## b ##  c
      |                         ^
./libavcodec/bit_depth_template.c:104:18: note: in expansion of macro 'FUNC2'
  104 | #define FUNC(a)  FUNC2(a, BIT_DEPTH,)
      |                  ^~~~~
libavcodec/vvc/inter_template.c:84:13: note: in expansion of macro 'FUNC'
   84 | static void FUNC(put_luma_scaled)(int16_t *_dst,
      |             ^~~~
libavcodec/vvc/inter_template.c: In function 'put_chroma_scaled_10':
libavcodec/vvc/inter_template.c:92:18: warning: stack usage is 328112 bytes [-Wstack-usage=]
   92 | static void FUNC(put_chroma_scaled)(int16_t *_dst,
      |                  ^~~~~~~~~~~~~~~~~
./libavcodec/bit_depth_template.c:102:25: note: in definition of macro 'FUNC3'
  102 | #define FUNC3(a, b, c)  a ## _ ## b ##  c
      |                         ^
./libavcodec/bit_depth_template.c:104:18: note: in expansion of macro 'FUNC2'
  104 | #define FUNC(a)  FUNC2(a, BIT_DEPTH,)
      |                  ^~~~~
libavcodec/vvc/inter_template.c:92:13: note: in expansion of macro 'FUNC'
   92 | static void FUNC(put_chroma_scaled)(int16_t *_dst,
      |             ^~~~
X86ASM	libavcodec/x86/cfhdencdsp.o
STRIP	libavcodec/x86/cavsidct.o
CC	libavcodec/x86/cfhdencdsp_init.o
STRIP	libavcodec/x86/cavs_qpel.o
libavcodec/vvc/inter_template.c: In function 'put_uni_luma_scaled_10':
libavcodec/vvc/inter_template.c:100:18: warning: stack usage is 328368 bytes [-Wstack-usage=]
  100 | static void FUNC(put_uni_luma_scaled)(uint8_t *_dst, const ptrdiff_t _dst_stride,
      |                  ^~~~~~~~~~~~~~~~~~~
./libavcodec/bit_depth_template.c:102:25: note: in definition of macro 'FUNC3'
  102 | #define FUNC3(a, b, c)  a ## _ ## b ##  c
      |                         ^
./libavcodec/bit_depth_template.c:104:18: note: in expansion of macro 'FUNC2'
  104 | #define FUNC(a)  FUNC2(a, BIT_DEPTH,)
      |                  ^~~~~
libavcodec/vvc/inter_template.c:100:13: note: in expansion of macro 'FUNC'
  100 | static void FUNC(put_uni_luma_scaled)(uint8_t *_dst, const ptrdiff_t _dst_stride,
      |             ^~~~
CC	libavcodec/x86/constants.o
X86ASM	libavcodec/x86/dcadsp.o
libavcodec/vvc/inter_template.c: In function 'put_uni_chroma_scaled_10':
libavcodec/vvc/inter_template.c:108:18: warning: stack usage is 328112 bytes [-Wstack-usage=]
  108 | static void FUNC(put_uni_chroma_scaled)(uint8_t *_dst, const ptrdiff_t _dst_stride,
      |                  ^~~~~~~~~~~~~~~~~~~~~
./libavcodec/bit_depth_template.c:102:25: note: in definition of macro 'FUNC3'
  102 | #define FUNC3(a, b, c)  a ## _ ## b ##  c
      |                         ^
./libavcodec/bit_depth_template.c:104:18: note: in expansion of macro 'FUNC2'
  104 | #define FUNC(a)  FUNC2(a, BIT_DEPTH,)
      |                  ^~~~~
libavcodec/vvc/inter_template.c:108:13: note: in expansion of macro 'FUNC'
  108 | static void FUNC(put_uni_chroma_scaled)(uint8_t *_dst, const ptrdiff_t _dst_stride,
      |             ^~~~
CC	libavcodec/x86/dcadsp_init.o
libavcodec/vvc/inter_template.c: In function 'put_uni_luma_w_scaled_10':
libavcodec/vvc/inter_template.c:167:18: warning: stack usage is 328368 bytes [-Wstack-usage=]
  167 | static void FUNC(put_uni_luma_w_scaled)(uint8_t *_dst, const ptrdiff_t _dst_stride,
      |                  ^~~~~~~~~~~~~~~~~~~~~
./libavcodec/bit_depth_template.c:102:25: note: in definition of macro 'FUNC3'
  102 | #define FUNC3(a, b, c)  a ## _ ## b ##  c
      |                         ^
./libavcodec/bit_depth_template.c:104:18: note: in expansion of macro 'FUNC2'
  104 | #define FUNC(a)  FUNC2(a, BIT_DEPTH,)
      |                  ^~~~~
libavcodec/vvc/inter_template.c:167:13: note: in expansion of macro 'FUNC'
  167 | static void FUNC(put_uni_luma_w_scaled)(uint8_t *_dst, const ptrdiff_t _dst_stride,
      |             ^~~~
X86ASM	libavcodec/x86/dct32.o
STRIP	libavcodec/x86/cfhdencdsp.o
STRIP	libavcodec/x86/cfhddsp.o
libavcodec/vvc/inter_template.c: In function 'put_uni_chroma_w_scaled_10':
libavcodec/vvc/inter_template.c:175:18: warning: stack usage is 328112 bytes [-Wstack-usage=]
  175 | static void FUNC(put_uni_chroma_w_scaled)(uint8_t *_dst, const ptrdiff_t _dst_stride,
      |                  ^~~~~~~~~~~~~~~~~~~~~~~
./libavcodec/bit_depth_template.c:102:25: note: in definition of macro 'FUNC3'
  102 | #define FUNC3(a, b, c)  a ## _ ## b ##  c
      |                         ^
./libavcodec/bit_depth_template.c:104:18: note: in expansion of macro 'FUNC2'
  104 | #define FUNC(a)  FUNC2(a, BIT_DEPTH,)
      |                  ^~~~~
libavcodec/vvc/inter_template.c:175:13: note: in expansion of macro 'FUNC'
  175 | static void FUNC(put_uni_chroma_w_scaled)(uint8_t *_dst, const ptrdiff_t _dst_stride,
      |             ^~~~
X86ASM	libavcodec/x86/dirac_dwt.o
CC	libavcodec/x86/dirac_dwt_init.o
X86ASM	libavcodec/x86/diracdsp.o
STRIP	libavcodec/x86/celt_pvq_search.o
STRIP	libavcodec/x86/dcadsp.o
CC	libavcodec/x86/diracdsp_init.o
X86ASM	libavcodec/x86/dnxhdenc.o
STRIP	libavcodec/x86/dct32.o
STRIP	libavcodec/x86/dirac_dwt.o
CC	libavcodec/x86/dnxhdenc_init.o
STRIP	libavcodec/x86/dnxhdenc.o
STRIP	libavcodec/x86/diracdsp.o
X86ASM	libavcodec/x86/exrdsp.o
CC	libavcodec/x86/exrdsp_init.o
CC	libavcodec/x86/fdct.o
CC	libavcodec/x86/fdctdsp_init.o
X86ASM	libavcodec/x86/flac_dsp_gpl.o
X86ASM	libavcodec/x86/flacdsp.o
CC	libavcodec/x86/flacdsp_init.o
STRIP	libavcodec/x86/exrdsp.o
CC	libavcodec/x86/flacencdsp_init.o
STRIP	libavcodec/x86/flac_dsp_gpl.o
X86ASM	libavcodec/x86/fmtconvert.o
CC	libavcodec/x86/fmtconvert_init.o
X86ASM	libavcodec/x86/fpel.o
X86ASM	libavcodec/x86/g722dsp.o
STRIP	libavcodec/x86/fmtconvert.o
CC	libavcodec/x86/g722dsp_init.o
X86ASM	libavcodec/x86/h263_loopfilter.o
STRIP	libavcodec/x86/g722dsp.o
STRIP	libavcodec/x86/fpel.o
CC	libavcodec/x86/h263dsp_init.o
X86ASM	libavcodec/x86/h264_chromamc.o
X86ASM	libavcodec/x86/h264_chromamc_10bit.o
X86ASM	libavcodec/x86/h264_deblock.o
X86ASM	libavcodec/x86/h264_deblock_10bit.o
STRIP	libavcodec/x86/h263_loopfilter.o
X86ASM	libavcodec/x86/h264_idct.o
X86ASM	libavcodec/x86/h264_idct_10bit.o
STRIP	libavcodec/x86/flacdsp.o
STRIP	libavcodec/x86/h264_chromamc_10bit.o
X86ASM	libavcodec/x86/h264_intrapred.o
X86ASM	libavcodec/x86/h264_intrapred_10bit.o
STRIP	libavcodec/x86/h264_chromamc.o
CC	libavcodec/x86/h264_intrapred_init.o
CC	libavcodec/x86/h264_qpel.o
STRIP	libavcodec/x86/h264_idct.o
X86ASM	libavcodec/x86/h264_qpel_10bit.o
STRIP	libavcodec/x86/h264_deblock_10bit.o
X86ASM	libavcodec/x86/h264_qpel_8bit.o
X86ASM	libavcodec/x86/h264_weight.o
STRIP	libavcodec/x86/h264_weight.o
X86ASM	libavcodec/x86/h264_weight_10bit.o
STRIP	libavcodec/x86/h264_intrapred_10bit.o
CC	libavcodec/x86/h264chroma_init.o
STRIP	libavcodec/x86/h264_idct_10bit.o
CC	libavcodec/x86/h264dsp_init.o
X86ASM	libavcodec/x86/h26x/h2656_inter.o
STRIP	libavcodec/x86/h264_weight_10bit.o
CC	libavcodec/x86/h26x/h2656dsp.o
X86ASM	libavcodec/x86/hevc/add_res.o
STRIP	libavcodec/x86/h264_deblock.o
X86ASM	libavcodec/x86/hevc/deblock.o
STRIP	libavcodec/x86/hevc/add_res.o
X86ASM	libavcodec/x86/hevc/dequant.o
STRIP	libavcodec/x86/h264_intrapred.o
STRIP	libavcodec/x86/h264_qpel_10bit.o
CC	libavcodec/x86/hevc/dsp_init.o
X86ASM	libavcodec/x86/hevc/idct.o
STRIP	libavcodec/x86/hevc/dequant.o
In file included from libavcodec/vvc/dsp_template.c:23,
                 from libavcodec/vvc/dsp.c:83:
libavcodec/vvc/inter_template.c: In function 'put_luma_scaled_12':
libavcodec/vvc/inter_template.c:84:18: warning: stack usage is 328368 bytes [-Wstack-usage=]
   84 | static void FUNC(put_luma_scaled)(int16_t *_dst,
      |                  ^~~~~~~~~~~~~~~
./libavcodec/bit_depth_template.c:102:25: note: in definition of macro 'FUNC3'
  102 | #define FUNC3(a, b, c)  a ## _ ## b ##  c
      |                         ^
./libavcodec/bit_depth_template.c:104:18: note: in expansion of macro 'FUNC2'
  104 | #define FUNC(a)  FUNC2(a, BIT_DEPTH,)
      |                  ^~~~~
libavcodec/vvc/inter_template.c:84:13: note: in expansion of macro 'FUNC'
   84 | static void FUNC(put_luma_scaled)(int16_t *_dst,
      |             ^~~~
X86ASM	libavcodec/x86/hevc/mc.o
libavcodec/vvc/inter_template.c: In function 'put_chroma_scaled_12':
libavcodec/vvc/inter_template.c:92:18: warning: stack usage is 328112 bytes [-Wstack-usage=]
   92 | static void FUNC(put_chroma_scaled)(int16_t *_dst,
      |                  ^~~~~~~~~~~~~~~~~
./libavcodec/bit_depth_template.c:102:25: note: in definition of macro 'FUNC3'
  102 | #define FUNC3(a, b, c)  a ## _ ## b ##  c
      |                         ^
./libavcodec/bit_depth_template.c:104:18: note: in expansion of macro 'FUNC2'
  104 | #define FUNC(a)  FUNC2(a, BIT_DEPTH,)
      |                  ^~~~~
libavcodec/vvc/inter_template.c:92:13: note: in expansion of macro 'FUNC'
   92 | static void FUNC(put_chroma_scaled)(int16_t *_dst,
      |             ^~~~
STRIP	libavcodec/x86/h264_qpel_8bit.o
X86ASM	libavcodec/x86/hevc/sao.o
libavcodec/vvc/inter_template.c: In function 'put_uni_luma_scaled_12':
libavcodec/vvc/inter_template.c:100:18: warning: stack usage is 328368 bytes [-Wstack-usage=]
  100 | static void FUNC(put_uni_luma_scaled)(uint8_t *_dst, const ptrdiff_t _dst_stride,
      |                  ^~~~~~~~~~~~~~~~~~~
./libavcodec/bit_depth_template.c:102:25: note: in definition of macro 'FUNC3'
  102 | #define FUNC3(a, b, c)  a ## _ ## b ##  c
      |                         ^
./libavcodec/bit_depth_template.c:104:18: note: in expansion of macro 'FUNC2'
  104 | #define FUNC(a)  FUNC2(a, BIT_DEPTH,)
      |                  ^~~~~
libavcodec/vvc/inter_template.c:100:13: note: in expansion of macro 'FUNC'
  100 | static void FUNC(put_uni_luma_scaled)(uint8_t *_dst, const ptrdiff_t _dst_stride,
      |             ^~~~
libavcodec/vvc/inter_template.c: In function 'put_uni_chroma_scaled_12':
libavcodec/vvc/inter_template.c:108:18: warning: stack usage is 328112 bytes [-Wstack-usage=]
  108 | static void FUNC(put_uni_chroma_scaled)(uint8_t *_dst, const ptrdiff_t _dst_stride,
      |                  ^~~~~~~~~~~~~~~~~~~~~
./libavcodec/bit_depth_template.c:102:25: note: in definition of macro 'FUNC3'
  102 | #define FUNC3(a, b, c)  a ## _ ## b ##  c
      |                         ^
./libavcodec/bit_depth_template.c:104:18: note: in expansion of macro 'FUNC2'
  104 | #define FUNC(a)  FUNC2(a, BIT_DEPTH,)
      |                  ^~~~~
libavcodec/vvc/inter_template.c:108:13: note: in expansion of macro 'FUNC'
  108 | static void FUNC(put_uni_chroma_scaled)(uint8_t *_dst, const ptrdiff_t _dst_stride,
      |             ^~~~
libavcodec/vvc/inter_template.c: In function 'put_uni_luma_w_scaled_12':
libavcodec/vvc/inter_template.c:167:18: warning: stack usage is 328368 bytes [-Wstack-usage=]
  167 | static void FUNC(put_uni_luma_w_scaled)(uint8_t *_dst, const ptrdiff_t _dst_stride,
      |                  ^~~~~~~~~~~~~~~~~~~~~
./libavcodec/bit_depth_template.c:102:25: note: in definition of macro 'FUNC3'
  102 | #define FUNC3(a, b, c)  a ## _ ## b ##  c
      |                         ^
./libavcodec/bit_depth_template.c:104:18: note: in expansion of macro 'FUNC2'
  104 | #define FUNC(a)  FUNC2(a, BIT_DEPTH,)
      |                  ^~~~~
libavcodec/vvc/inter_template.c:167:13: note: in expansion of macro 'FUNC'
  167 | static void FUNC(put_uni_luma_w_scaled)(uint8_t *_dst, const ptrdiff_t _dst_stride,
      |             ^~~~
libavcodec/vvc/inter_template.c: In function 'put_uni_chroma_w_scaled_12':
libavcodec/vvc/inter_template.c:175:18: warning: stack usage is 328112 bytes [-Wstack-usage=]
  175 | static void FUNC(put_uni_chroma_w_scaled)(uint8_t *_dst, const ptrdiff_t _dst_stride,
      |                  ^~~~~~~~~~~~~~~~~~~~~~~
./libavcodec/bit_depth_template.c:102:25: note: in definition of macro 'FUNC3'
  102 | #define FUNC3(a, b, c)  a ## _ ## b ##  c
      |                         ^
./libavcodec/bit_depth_template.c:104:18: note: in expansion of macro 'FUNC2'
  104 | #define FUNC(a)  FUNC2(a, BIT_DEPTH,)
      |                  ^~~~~
libavcodec/vvc/inter_template.c:175:13: note: in expansion of macro 'FUNC'
  175 | static void FUNC(put_uni_chroma_w_scaled)(uint8_t *_dst, const ptrdiff_t _dst_stride,
      |             ^~~~
X86ASM	libavcodec/x86/hevc/sao_10bit.o
STRIP	libavcodec/x86/hevc/sao.o
X86ASM	libavcodec/x86/hpeldsp.o
STRIP	libavcodec/x86/hpeldsp.o
CC	libavcodec/x86/hpeldsp_init.o
X86ASM	libavcodec/x86/huffyuvdsp.o
STRIP	libavcodec/x86/huffyuvdsp.o
CC	libavcodec/x86/huffyuvdsp_init.o
X86ASM	libavcodec/x86/huffyuvencdsp.o
STRIP	libavcodec/x86/huffyuvencdsp.o
CC	libavcodec/x86/huffyuvencdsp_init.o
X86ASM	libavcodec/x86/idctdsp.o
STRIP	libavcodec/x86/idctdsp.o
CC	libavcodec/x86/idctdsp_init.o
STRIP	libavcodec/x86/hevc/idct.o
X86ASM	libavcodec/x86/imdct36.o
X86ASM	libavcodec/x86/jpeg2000dsp.o
STRIP	libavcodec/x86/jpeg2000dsp.o
CC	libavcodec/x86/jpeg2000dsp_init.o
X86ASM	libavcodec/x86/lossless_audiodsp.o
STRIP	libavcodec/x86/hevc/mc.o
CC	libavcodec/x86/lossless_audiodsp_init.o
STRIP	libavcodec/x86/lossless_audiodsp.o
X86ASM	libavcodec/x86/lossless_videodsp.o
CC	libavcodec/x86/lossless_videodsp_init.o
STRIP	libavcodec/x86/imdct36.o
X86ASM	libavcodec/x86/lossless_videoencdsp.o
CC	libavcodec/x86/lossless_videoencdsp_init.o
STRIP	libavcodec/x86/hevc/sao_10bit.o
X86ASM	libavcodec/x86/lpc.o
CC	libavcodec/x86/lpc_init.o
STRIP	libavcodec/x86/lossless_videoencdsp.o
X86ASM	libavcodec/x86/me_cmp.o
CC	libavcodec/x86/me_cmp_init.o
STRIP	libavcodec/x86/lossless_videodsp.o
STRIP	libavcodec/x86/lpc.o
X86ASM	libavcodec/x86/mlpdsp.o
STRIP	libavcodec/x86/hevc/deblock.o
CC	libavcodec/x86/mlpdsp_init.o
CC	libavcodec/x86/mpeg4videodsp.o
CC	libavcodec/x86/mpegaudiodsp.o
STRIP	libavcodec/x86/mlpdsp.o
CC	libavcodec/x86/mpegvideo.o
CC	libavcodec/x86/mpegvideoenc.o
X86ASM	libavcodec/x86/mpegvideoencdsp.o
CC	libavcodec/x86/mpegvideoencdsp_init.o
STRIP	libavcodec/x86/mpegvideoencdsp.o
X86ASM	libavcodec/x86/opusdsp.o
CC	libavcodec/x86/opusdsp_init.o
STRIP	libavcodec/x86/opusdsp.o
X86ASM	libavcodec/x86/pixblockdsp.o
CC	libavcodec/x86/pixblockdsp_init.o
X86ASM	libavcodec/x86/pngdsp.o
STRIP	libavcodec/x86/pixblockdsp.o
CC	libavcodec/x86/pngdsp_init.o
X86ASM	libavcodec/x86/proresdsp.o
STRIP	libavcodec/x86/me_cmp.o
STRIP	libavcodec/x86/pngdsp.o
CC	libavcodec/x86/proresdsp_init.o
X86ASM	libavcodec/x86/qpel.o
X86ASM	libavcodec/x86/qpeldsp.o
CC	libavcodec/x86/qpeldsp_init.o
X86ASM	libavcodec/x86/rv34dsp.o
STRIP	libavcodec/x86/qpel.o
CC	libavcodec/x86/rv34dsp_init.o
STRIP	libavcodec/x86/rv34dsp.o
X86ASM	libavcodec/x86/rv40dsp.o
STRIP	libavcodec/x86/proresdsp.o
CC	libavcodec/x86/rv40dsp_init.o
X86ASM	libavcodec/x86/sbcdsp.o
CC	libavcodec/x86/sbcdsp_init.o
X86ASM	libavcodec/x86/sbrdsp.o
STRIP	libavcodec/x86/sbcdsp.o
CC	libavcodec/x86/sbrdsp_init.o
STRIP	libavcodec/x86/rv40dsp.o
X86ASM	libavcodec/x86/simple_idct10.o
X86ASM	libavcodec/x86/snowdsp.o
STRIP	libavcodec/x86/sbrdsp.o
CC	libavcodec/x86/snowdsp_init.o
X86ASM	libavcodec/x86/svq1enc.o
STRIP	libavcodec/x86/snowdsp.o
CC	libavcodec/x86/svq1enc_init.o
STRIP	libavcodec/x86/svq1enc.o
STRIP	libavcodec/x86/qpeldsp.o
X86ASM	libavcodec/x86/synth_filter.o
CC	libavcodec/x86/synth_filter_init.o
X86ASM	libavcodec/x86/takdsp.o
CC	libavcodec/x86/takdsp_init.o
X86ASM	libavcodec/x86/ttadsp.o
STRIP	libavcodec/x86/takdsp.o
CC	libavcodec/x86/ttadsp_init.o
X86ASM	libavcodec/x86/ttaencdsp.o
CC	libavcodec/x86/ttaencdsp_init.o
STRIP	libavcodec/x86/synth_filter.o
STRIP	libavcodec/x86/ttadsp.o
X86ASM	libavcodec/x86/utvideodsp.o
CC	libavcodec/x86/utvideodsp_init.o
CC	libavcodec/x86/v210-init.o
X86ASM	libavcodec/x86/v210.o
STRIP	libavcodec/x86/ttaencdsp.o
X86ASM	libavcodec/x86/v210enc.o
CC	libavcodec/x86/v210enc_init.o
STRIP	libavcodec/x86/utvideodsp.o
STRIP	libavcodec/x86/h26x/h2656_inter.o
CC	libavcodec/x86/vc1dsp_init.o
X86ASM	libavcodec/x86/vc1dsp_loopfilter.o
STRIP	libavcodec/x86/v210.o
X86ASM	libavcodec/x86/vc1dsp_mc.o
CC	libavcodec/x86/vc1dsp_mmx.o
X86ASM	libavcodec/x86/videodsp.o
CC	libavcodec/x86/videodsp_init.o
STRIP	libavcodec/x86/v210enc.o
X86ASM	libavcodec/x86/vorbisdsp.o
CC	libavcodec/x86/vorbisdsp_init.o
STRIP	libavcodec/x86/vc1dsp_mc.o
STRIP	libavcodec/x86/vorbisdsp.o
X86ASM	libavcodec/x86/vp3dsp.o
CC	libavcodec/x86/vp3dsp_init.o
X86ASM	libavcodec/x86/vp6dsp.o
STRIP	libavcodec/x86/vc1dsp_loopfilter.o
CC	libavcodec/x86/vp6dsp_init.o
X86ASM	libavcodec/x86/vp8dsp.o
STRIP	libavcodec/x86/vp6dsp.o
STRIP	libavcodec/x86/videodsp.o
CC	libavcodec/x86/vp8dsp_init.o
X86ASM	libavcodec/x86/vp8dsp_loopfilter.o
CC	libavcodec/x86/vp9dsp_init.o
CC	libavcodec/x86/vp9dsp_init_10bpp.o
STRIP	libavcodec/x86/vp3dsp.o
CC	libavcodec/x86/vp9dsp_init_12bpp.o
CC	libavcodec/x86/vp9dsp_init_16bpp.o
STRIP	libavcodec/x86/vp8dsp.o
X86ASM	libavcodec/x86/vp9intrapred.o
X86ASM	libavcodec/x86/vp9intrapred_16bpp.o
STRIP	libavcodec/x86/simple_idct10.o
X86ASM	libavcodec/x86/vp9itxfm.o
X86ASM	libavcodec/x86/vp9itxfm_16bpp.o
X86ASM	libavcodec/x86/vp9itxfm_16bpp_avx512.o
X86ASM	libavcodec/x86/vp9itxfm_avx2.o
X86ASM	libavcodec/x86/vp9itxfm_avx512.o
STRIP	libavcodec/x86/vp8dsp_loopfilter.o
STRIP	libavcodec/x86/vp9itxfm_16bpp_avx512.o
STRIP	libavcodec/x86/vp9itxfm_avx512.o
X86ASM	libavcodec/x86/vp9lpf.o
X86ASM	libavcodec/x86/vp9lpf_16bpp.o
X86ASM	libavcodec/x86/vp9mc.o
STRIP	libavcodec/x86/vp9intrapred.o
X86ASM	libavcodec/x86/vp9mc_16bpp.o
STRIP	libavcodec/x86/vp9itxfm_avx2.o
X86ASM	libavcodec/x86/vvc/alf.o
STRIP	libavcodec/x86/vp9intrapred_16bpp.o
X86ASM	libavcodec/x86/vvc/dmvr.o
STRIP	libavcodec/x86/vp9mc_16bpp.o
CC	libavcodec/x86/vvc/dsp_init.o
X86ASM	libavcodec/x86/vvc/mc.o
STRIP	libavcodec/x86/vp9mc.o
X86ASM	libavcodec/x86/vvc/of.o
STRIP	libavcodec/x86/vvc/alf.o
X86ASM	libavcodec/x86/vvc/sad.o
STRIP	libavcodec/x86/vvc/dmvr.o
X86ASM	libavcodec/x86/vvc/sao.o
STRIP	libavcodec/x86/vvc/sad.o
X86ASM	libavcodec/x86/vvc/sao_10bit.o
STRIP	libavcodec/x86/vvc/mc.o
X86ASM	libavcodec/x86/xvididct.o
STRIP	libavcodec/x86/vvc/of.o
CC	libavcodec/x86/xvididct_init.o
STRIP	libavcodec/x86/vvc/sao.o
CC	libavcodec/xan.o
CC	libavcodec/xbm_parser.o
CC	libavcodec/xbmdec.o
STRIP	libavcodec/x86/xvididct.o
CC	libavcodec/xbmenc.o
CC	libavcodec/xface.o
CC	libavcodec/xfacedec.o
CC	libavcodec/xfaceenc.o
CC	libavcodec/xiph.o
CC	libavcodec/xl.o
CC	libavcodec/xma_parser.o
CC	libavcodec/xpmdec.o
CC	libavcodec/xsubdec.o
CC	libavcodec/xsubenc.o
CC	libavcodec/xvididct.o
CC	libavcodec/xwd_parser.o
CC	libavcodec/xwddec.o
CC	libavcodec/xwdenc.o
CC	libavcodec/xxan.o
CC	libavcodec/y41pdec.o
CC	libavcodec/y41penc.o
CC	libavcodec/ylc.o
CC	libavcodec/yop.o
CC	libavcodec/yuv4dec.o
STRIP	libavcodec/x86/vvc/sao_10bit.o
CC	libavcodec/yuv4enc.o
CC	libavcodec/zerocodec.o
CC	libavcodec/zlib_wrapper.o
CC	libavcodec/zmbv.o
CC	libavcodec/zmbvenc.o
CC	libswresample/audioconvert.o
CC	libswresample/dither.o
CC	libswresample/options.o
CC	libswresample/rematrix.o
CC	libswresample/resample.o
CC	libswresample/resample_dsp.o
CC	libswresample/swresample.o
CC	libswresample/swresample_frame.o
CC	libswresample/version.o
X86ASM	libswresample/x86/audio_convert.o
CC	libswresample/x86/audio_convert_init.o
X86ASM	libswresample/x86/rematrix.o
CC	libswresample/x86/rematrix_init.o
STRIP	libswresample/x86/rematrix.o
X86ASM	libswresample/x86/resample.o
CC	libswresample/x86/resample_init.o
STRIP	libavcodec/x86/vp9lpf_16bpp.o
CC	libswscale/alphablend.o
CC	libswscale/cms.o
CC	libswscale/csputils.o
STRIP	libavcodec/x86/vp9itxfm_16bpp.o
CC	libswscale/filters.o
STRIP	libswresample/x86/resample.o
CC	libswscale/framepool.o
CC	libswscale/gamma.o
CC	libswscale/graph.o
CC	libswscale/hscale.o
CC	libswscale/hscale_fast_bilinear.o
CC	libswscale/input.o
CC	libswscale/lut3d.o
CC	libswscale/ops.o
CC	libswscale/ops_chain.o
CC	libswscale/ops_dispatch.o
CC	libswscale/ops_memcpy.o
CC	libswscale/ops_optimizer.o
STRIP	libswresample/x86/audio_convert.o
CC	libswscale/options.o
CC	libswscale/output.o
CC	libswscale/rational64.o
CC	libswscale/rgb2rgb.o
CC	libswscale/slice.o
CC	libswscale/swscale.o
CC	libswscale/swscale_unscaled.o
CC	libswscale/uops.o
CC	libswscale/uops_backend.o
CC	libswscale/utils.o
CC	libswscale/version.o
CC	libswscale/vscale.o
CC	libswscale/vulkan/ops.o
STRIP	libavcodec/x86/vp9lpf.o
CC	libswscale/vulkan/vulkan.o
libswscale/vulkan/ops.c:1290:12: warning: 'compile' defined but not used [-Wunused-function]
 1290 | static int compile(SwsContext *sws, const SwsOpList *ops, SwsCompiledOp *out)
      |            ^~~~~~~
libswscale/vulkan/ops.c:242:12: warning: 'create_bufs' defined but not used [-Wunused-function]
  242 | static int create_bufs(FFVulkanOpsCtx *s, VulkanPriv *p, const SwsOpList *ops)
      |            ^~~~~~~~~~~
CC	libswscale/x86/hscale_fast_bilinear_simd.o
X86ASM	libswscale/x86/input.o
CC	libswscale/x86/ops.o
HOSTCC	libswscale/x86/uops_macros.gen.asm
X86ASM	libswscale/x86/output.o
X86ASM	libswscale/x86/range_convert.o
STRIP	libswscale/x86/range_convert.o
CC	libswscale/x86/rgb2rgb.o
X86ASM	libswscale/x86/rgb_2_rgb.o
STRIP	libswscale/x86/rgb_2_rgb.o
X86ASM	libswscale/x86/scale.o
X86ASM	libswscale/x86/scale_avx2.o
STRIP	libswscale/x86/scale_avx2.o
CC	libswscale/x86/swscale.o
CC	libswscale/x86/yuv2rgb.o
X86ASM	libswscale/x86/yuv2yuvX.o
STRIP	libswscale/x86/input.o
X86ASM	libswscale/x86/yuv_2_rgb.o
STRIP	libswscale/x86/yuv2yuvX.o
CC	libswscale/yuv2rgb.o
STRIP	libswscale/x86/scale.o
CC	libavutil/adler32.o
CC	libavutil/aes.o
CC	libavutil/aes_ctr.o
STRIP	libswscale/x86/yuv_2_rgb.o
CC	libavutil/ambient_viewing_environment.o
CC	libavutil/audio_fifo.o
CC	libavutil/avsscanf.o
CC	libavutil/avstring.o
CC	libavutil/base64.o
CC	libavutil/blowfish.o
CC	libavutil/bprint.o
STRIP	libavcodec/x86/vp9itxfm.o
CC	libavutil/buffer.o
CC	libavutil/camellia.o
CC	libavutil/cast5.o
CC	libavutil/channel_layout.o
CC	libavutil/container_fifo.o
CC	libavutil/cpu.o
CC	libavutil/crc.o
CC	libavutil/csp.o
CC	libavutil/des.o
CC	libavutil/detection_bbox.o
CC	libavutil/dict.o
CC	libavutil/display.o
CC	libavutil/dovi_meta.o
CC	libavutil/downmix_info.o
CC	libavutil/encryption_info.o
CC	libavutil/error.o
CC	libavutil/eval.o
CC	libavutil/executor.o
CC	libavutil/fifo.o
CC	libavutil/file.o
CC	libavutil/file_open.o
CC	libavutil/film_grain_params.o
CC	libavutil/fixed_dsp.o
CC	libavutil/float_dsp.o
CC	libavutil/float_scalarproduct.o
CC	libavutil/frame.o
CC	libavutil/hash.o
CC	libavutil/hdr_dynamic_metadata.o
CC	libavutil/hdr_dynamic_vivid_metadata.o
CC	libavutil/hmac.o
CC	libavutil/hwcontext.o
CC	libavutil/hwcontext_cuda.o
CC	libavutil/hwcontext_d3d11va.o
CC	libavutil/hwcontext_d3d12va.o
CC	libavutil/hwcontext_dxva2.o
CC	libavutil/hwcontext_qsv.o
CC	libavutil/hwcontext_vulkan.o
CC	libavutil/iamf.o
libavutil/hwcontext_qsv.c: In function 'qsv_fixed_pool_map_to':
libavutil/hwcontext_qsv.c:2165:9: warning: this statement may fall through [-Wimplicit-fallthrough=]
 2165 |         {
      |         ^
libavutil/hwcontext_qsv.c:2176:9: note: here
 2176 |         case AV_PIX_FMT_DXVA2_VLD:
      |         ^~~~
CC	libavutil/imgutils.o
CC	libavutil/integer.o
CC	libavutil/intmath.o
CC	libavutil/lfg.o
CC	libavutil/lls.o
CC	libavutil/log.o
CC	libavutil/log2_tab.o
CC	libavutil/lzo.o
CC	libavutil/mastering_display_metadata.o
CC	libavutil/mathematics.o
CC	libavutil/md5.o
CC	libavutil/mem.o
CC	libavutil/murmur3.o
CC	libavutil/opt.o
STRIP	libswscale/x86/output.o
CC	libavutil/parseutils.o
CC	libavutil/pixdesc.o
CC	libavutil/pixelutils.o
CC	libavutil/random_seed.o
CC	libavutil/rational.o
CC	libavutil/raw_color_params.o
CC	libavutil/rc4.o
CC	libavutil/refstruct.o
CC	libavutil/reverse.o
CC	libavutil/ripemd.o
CC	libavutil/samplefmt.o
CC	libavutil/sha.o
CC	libavutil/sha512.o
CC	libavutil/side_data.o
CC	libavutil/slicethread.o
CC	libavutil/spherical.o
CC	libavutil/stereo3d.o
CC	libavutil/tdrdi.o
CC	libavutil/tea.o
CC	libavutil/threadmessage.o
CC	libavutil/time.o
CC	libavutil/timecode.o
CC	libavutil/timecode_internal.o
CC	libavutil/timestamp.o
CC	libavutil/tree.o
CC	libavutil/twofish.o
CC	libavutil/tx.o
CC	libavutil/tx_double.o
CC	libavutil/tx_float.o
CC	libavutil/tx_int32.o
CC	libavutil/utils.o
CC	libavutil/uuid.o
CC	libavutil/version.o
CC	libavutil/video_enc_params.o
CC	libavutil/video_hint.o
CC	libavutil/vulkan.o
X86ASM	libavutil/x86/aes.o
CC	libavutil/x86/aes_init.o
CC	libavutil/x86/cpu.o
STRIP	libavutil/x86/aes.o
X86ASM	libavutil/x86/cpuid.o
X86ASM	libavutil/x86/crc.o
STRIP	libavutil/x86/cpuid.o
X86ASM	libavutil/x86/fixed_dsp.o
CC	libavutil/x86/fixed_dsp_init.o
STRIP	libavutil/x86/crc.o
STRIP	libavutil/x86/fixed_dsp.o
X86ASM	libavutil/x86/float_dsp.o
CC	libavutil/x86/float_dsp_init.o
X86ASM	libavutil/x86/imgutils.o
CC	libavutil/x86/imgutils_init.o
STRIP	libavutil/x86/imgutils.o
X86ASM	libavutil/x86/lls.o
CC	libavutil/x86/lls_init.o
X86ASM	libavutil/x86/pixelutils.o
STRIP	libavutil/x86/float_dsp.o
STRIP	libavutil/x86/lls.o
X86ASM	libavutil/x86/tx_float.o
CC	libavutil/x86/tx_float_init.o
STRIP	libavutil/x86/pixelutils.o
CC	libavutil/xga_font_data.o
CC	libavutil/xtea.o
CC	libavutil/float2half.o
CC	libavutil/half2float.o
CC	fftools/ffmpeg_dec.o
CC	fftools/ffmpeg_demux.o
CC	fftools/ffmpeg_enc.o
CC	fftools/ffmpeg_filter.o
CC	fftools/ffmpeg_hw.o
CC	fftools/ffmpeg_mux.o
CC	fftools/ffmpeg_mux_init.o
CC	fftools/ffmpeg_opt.o
CC	fftools/ffmpeg_sched.o
CC	fftools/graph/graphprint.o
CC	fftools/sync_queue.o
CC	fftools/thread_queue.o
CC	fftools/textformat/avtextformat.o
CC	fftools/textformat/tf_compact.o
CC	fftools/textformat/tf_default.o
CC	fftools/textformat/tf_flat.o
CC	fftools/textformat/tf_ini.o
CC	fftools/textformat/tf_json.o
CC	fftools/textformat/tf_mermaid.o
CC	fftools/textformat/tf_xml.o
CC	fftools/textformat/tw_avio.o
CC	fftools/textformat/tw_buffer.o
CC	fftools/textformat/tw_stdout.o
CC	fftools/resources/resman.o
GZIP	fftools/resources/graph.html.gz
MINIFY	fftools/resources/graph.css.min
CC	fftools/cmdutils.o
CC	fftools/opt_common.o
CC	fftools/ffmpeg.o
WINDRES	fftools/fftoolsres.o
CC	libavfilter/aeval.o
AR	libavdevice/libavdevice.a
CC	libavfilter/af_afade.o
CC	libavfilter/af_agate.o
CC	libavfilter/af_biquads.o
CC	libavfilter/af_sidechaincompress.o
CC	libavfilter/avf_showspectrum.o
CC	libavfilter/avf_showwaves.o
CC	libavfilter/f_bench.o
CC	libavfilter/f_cue.o
CC	libavfilter/f_drawgraph.o
CC	libavfilter/f_graphmonitor.o
CC	libavfilter/f_interleave.o
CC	libavfilter/f_latency.o
CC	libavfilter/f_loop.o
CC	libavfilter/f_metadata.o
CC	libavfilter/f_perms.o
CC	libavfilter/f_realtime.o
CC	libavfilter/f_reverse.o
CC	libavfilter/f_segment.o
CC	libavfilter/f_select.o
CC	libavfilter/f_sendcmd.o
CC	libavfilter/f_sidedata.o
CC	libavfilter/setpts.o
CC	libavfilter/settb.o
CC	libavfilter/src_movie.o
CC	libavfilter/trim.o
CC	libavfilter/vf_aspect.o
CC	libavfilter/vf_blend.o
CC	libavfilter/vf_colorkey.o
CC	libavfilter/vf_convolution.o
CC	libavfilter/vf_convolve.o
CC	libavfilter/vf_drawbox.o
CC	libavfilter/vf_extractplanes.o
CC	libavfilter/vf_format.o
CC	libavfilter/vf_histogram.o
CC	libavfilter/vf_identity.o
CC	libavfilter/vf_libvmaf.o
CC	libavfilter/vf_lut.o
CC	libavfilter/vf_lut2.o
CC	libavfilter/vf_lut3d.o
CC	libavfilter/vf_mix.o
CC	libavfilter/vf_neighbor.o
CC	libavfilter/vf_premultiply.o
CC	libavfilter/vf_setparams.o
CC	libavfilter/vf_stack.o
CC	libavfilter/vf_stack_qsv.o
CC	libavfilter/vf_vpp_qsv.o
CC	libavfilter/vf_xmedian.o
CC	libavfilter/vsrc_testsrc.o
GZIP	libavfilter/vulkan/avgblur.comp.spv.gz
HOSTLD	ffbuild/bin2c.exe
GZIP	libavfilter/vulkan/blackdetect.comp.spv.gz
GZIP	libavfilter/vulkan/blend.comp.spv.gz
GZIP	libavfilter/vulkan/bwdif.comp.spv.gz
GZIP	libavfilter/vulkan/chromaber.comp.spv.gz
GZIP	libavfilter/vulkan/color.comp.spv.gz
GZIP	libavfilter/vulkan/debayer.comp.spv.gz
GZIP	libavfilter/vulkan/flip.comp.spv.gz
GZIP	libavfilter/vulkan/gblur.comp.spv.gz
GZIP	libavfilter/vulkan/interlace.comp.spv.gz
GZIP	libavfilter/vulkan/nlmeans_denoise.comp.spv.gz
GZIP	libavfilter/vulkan/nlmeans_horizontal.comp.spv.gz
GZIP	libavfilter/vulkan/nlmeans_vertical.comp.spv.gz
GZIP	libavfilter/vulkan/nlmeans_weights.comp.spv.gz
GZIP	libavfilter/vulkan/overlay.comp.spv.gz
GZIP	libavfilter/vulkan/pelorus_aa.comp.spv.gz
GZIP	libavfilter/vulkan/pelorus_analyze.comp.spv.gz
GZIP	libavfilter/vulkan/pelorus_borderfix.comp.spv.gz
GZIP	libavfilter/vulkan/pelorus_deband.comp.spv.gz
GZIP	libavfilter/vulkan/pelorus_deblock.comp.spv.gz
GZIP	libavfilter/vulkan/pelorus_dehalo.comp.spv.gz
GZIP	libavfilter/vulkan/pelorus_denoise.comp.spv.gz
GZIP	libavfilter/vulkan/pelorus_grain_estimate.comp.spv.gz
GZIP	libavfilter/vulkan/pelorus_mc.comp.spv.gz
GZIP	libavfilter/vulkan/scale.comp.spv.gz
GZIP	libavfilter/vulkan/scdet.comp.spv.gz
GZIP	libavfilter/vulkan/transpose.comp.spv.gz
GZIP	libavfilter/vulkan/v360.comp.spv.gz
GZIP	libavfilter/vulkan/xfade.comp.spv.gz
CC	libavfilter/x86/vf_lut3d_init.o
CC	libavformat/ac3dec.o
CC	libavformat/alp.o
CC	libavformat/amr.o
CC	libavformat/apm.o
CC	libavformat/aptxdec.o
CC	libavformat/argo_asf.o
CC	libavformat/argo_cvg.o
CC	libavformat/asfenc.o
CC	libavformat/au.o
CC	libavformat/av1dec.o
CC	libavformat/avidec.o
CC	libavformat/bintext.o
CC	libavformat/bit.o
CC	libavformat/codec2.o
CC	libavformat/concat.o
CC	libavformat/dashenc.o
CC	libavformat/demux.o
CC	libavformat/dv.o
CC	libavformat/file.o
CC	libavformat/format.o
CC	libavformat/g726.o
CC	libavformat/gopher.o
libavformat/dashenc.c: In function 'dash_init':
libavformat/dashenc.c:1459:65: warning: '-stream' directive output may be truncated writing 7 bytes into a region of size between 1 and 1024 [-Wformat-truncation=]
 1459 |                 snprintf(os->initfile, sizeof(os->initfile), "%s-stream%d.%s", basename, i, os->format_name);
      |                                                                 ^~~~~~~
libavformat/dashenc.c:1459:62: note: directive argument in the range [0, 2147483647]
 1459 |                 snprintf(os->initfile, sizeof(os->initfile), "%s-stream%d.%s", basename, i, os->format_name);
      |                                                              ^~~~~~~~~~~~~~~~
libavformat/dashenc.c:1459:17: note: 'snprintf' output 10 or more bytes (assuming 1042) into a destination of size 1024
 1459 |                 snprintf(os->initfile, sizeof(os->initfile), "%s-stream%d.%s", basename, i, os->format_name);
      |                 ^~~~~~~~~~~~~~~~~~~~~~~~~~~~~~~~~~~~~~~~~~~~~~~~~~~~~~~~~~~~~~~~~~~~~~~~~~~~~~~~~~~~~~~~~~~~
CC	libavformat/hashenc.o
libavformat/dashenc.c: In function 'flush_init_segment':
libavformat/dashenc.c:469:49: warning: '%s' directive output may be truncated writing up to 1023 bytes into a region of size between 1 and 1024 [-Wformat-truncation=]
  469 |         snprintf(filename, sizeof(filename), "%s%s", c->dirname, os->initfile);
      |                                                 ^~
libavformat/dashenc.c:469:9: note: 'snprintf' output between 1 and 2047 bytes into a destination of size 1024
  469 |         snprintf(filename, sizeof(filename), "%s%s", c->dirname, os->initfile);
      |         ^~~~~~~~~~~~~~~~~~~~~~~~~~~~~~~~~~~~~~~~~~~~~~~~~~~~~~~~~~~~~~~~~~~~~~
libavformat/dashenc.c: In function 'write_hls_media_playlist':
libavformat/dashenc.c:363:49: warning: 'media_' directive output may be truncated writing 6 bytes into a region of size between 1 and 1024 [-Wformat-truncation=]
  363 |         snprintf(playlist_name, string_size, "%smedia_%d.m3u8", base_url, id);
      |                                                 ^~~~~~
In function 'get_hls_playlist_name',
    inlined from 'write_hls_media_playlist' at libavformat/dashenc.c:399:5:
libavformat/dashenc.c:363:9: note: 'snprintf' output between 13 and 1046 bytes into a destination of size 1024
  363 |         snprintf(playlist_name, string_size, "%smedia_%d.m3u8", base_url, id);
      |         ^~~~~~~~~~~~~~~~~~~~~~~~~~~~~~~~~~~~~~~~~~~~~~~~~~~~~~~~~~~~~~~~~~~~~
CC	libavformat/hls.o
CC	libavformat/hlsenc.o
libavformat/dashenc.c: In function 'dash_flush':
libavformat/dashenc.c:1842:63: warning: '%s' directive output may be truncated writing up to 1023 bytes into a region of size between 1 and 1024 [-Wformat-truncation=]
 1842 |             snprintf(os->full_path, sizeof(os->full_path), "%s%s", c->dirname, os->initfile);
      |                                                               ^~
libavformat/dashenc.c:1842:13: note: 'snprintf' output between 1 and 2047 bytes into a destination of size 1024
 1842 |             snprintf(os->full_path, sizeof(os->full_path), "%s%s", c->dirname, os->initfile);
      |             ^~~~~~~~~~~~~~~~~~~~~~~~~~~~~~~~~~~~~~~~~~~~~~~~~~~~~~~~~~~~~~~~~~~~~~~~~~~~~~~~
libavformat/dashenc.c:1842:63: warning: '%s' directive output may be truncated writing up to 1023 bytes into a region of size between 1 and 1024 [-Wformat-truncation=]
 1842 |             snprintf(os->full_path, sizeof(os->full_path), "%s%s", c->dirname, os->initfile);
      |                                                               ^~
libavformat/dashenc.c:1842:13: note: 'snprintf' output between 1 and 2047 bytes into a destination of size 1024
 1842 |             snprintf(os->full_path, sizeof(os->full_path), "%s%s", c->dirname, os->initfile);
      |             ^~~~~~~~~~~~~~~~~~~~~~~~~~~~~~~~~~~~~~~~~~~~~~~~~~~~~~~~~~~~~~~~~~~~~~~~~~~~~~~~
libavformat/dashenc.c: In function 'dash_write_trailer':
libavformat/dashenc.c:363:49: warning: 'media_' directive output may be truncated writing 6 bytes into a region of size between 1 and 1024 [-Wformat-truncation=]
  363 |         snprintf(playlist_name, string_size, "%smedia_%d.m3u8", base_url, id);
      |                                                 ^~~~~~
In function 'get_hls_playlist_name',
    inlined from 'dash_write_trailer' at libavformat/dashenc.c:2208:17:
libavformat/dashenc.c:363:46: note: directive argument in the range [0, 2147483647]
  363 |         snprintf(playlist_name, string_size, "%smedia_%d.m3u8", base_url, id);
      |                                              ^~~~~~~~~~~~~~~~~
libavformat/dashenc.c:363:9: note: 'snprintf' output between 13 and 1045 bytes into a destination of size 1024
  363 |         snprintf(playlist_name, string_size, "%smedia_%d.m3u8", base_url, id);
      |         ^~~~~~~~~~~~~~~~~~~~~~~~~~~~~~~~~~~~~~~~~~~~~~~~~~~~~~~~~~~~~~~~~~~~~
libavformat/dashenc.c: In function 'dash_write_packet':
libavformat/dashenc.c:2142:59: warning: '%s' directive output may be truncated writing up to 1023 bytes into a region of size between 1 and 1024 [-Wformat-truncation=]
 2142 |         snprintf(os->full_path, sizeof(os->full_path), "%s%s", c->dirname,
      |                                                           ^~
libavformat/dashenc.c:2142:9: note: 'snprintf' output between 1 and 2047 bytes into a destination of size 1024
 2142 |         snprintf(os->full_path, sizeof(os->full_path), "%s%s", c->dirname,
      |         ^~~~~~~~~~~~~~~~~~~~~~~~~~~~~~~~~~~~~~~~~~~~~~~~~~~~~~~~~~~~~~~~~~
 2143 |                  os->filename);
      |                  ~~~~~~~~~~~~~
CC	libavformat/http.o
CC	libavformat/ilbc.o
CC	libavformat/img2dec.o
CC	libavformat/img2enc.o
CC	libavformat/kvag.o
CC	libavformat/lc3.o
CC	libavformat/matroskadec.o
CC	libavformat/matroskaenc.o
CC	libavformat/mlpdec.o
CC	libavformat/mmf.o
CC	libavformat/mov.o
CC	libavformat/movenc.o
CC	libavformat/mpeg.o
libavformat/matroskaenc.c: In function 'mkv_write_trailer':
libavformat/matroskaenc.c:3472:79: warning: '%012.9f' directive output may be truncated writing between 12 and 320 bytes into a region of size between 8 and 14 [-Wformat-truncation=]
 3472 |                 snprintf(duration_string, sizeof(duration_string), "%02d:%02d:%012.9f",
      |                                                                               ^~~~~~~
libavformat/matroskaenc.c:3472:17: note: 'snprintf' output between 19 and 333 bytes into a destination of size 20
 3472 |                 snprintf(duration_string, sizeof(duration_string), "%02d:%02d:%012.9f",
      |                 ^~~~~~~~~~~~~~~~~~~~~~~~~~~~~~~~~~~~~~~~~~~~~~~~~~~~~~~~~~~~~~~~~~~~~~~
 3473 |                          (int) duration_sec / 3600, ((int) duration_sec / 60) % 60,
      |                          ~~~~~~~~~~~~~~~~~~~~~~~~~~~~~~~~~~~~~~~~~~~~~~~~~~~~~~~~~~
 3474 |                          fmod(duration_sec, 60));
      |                          ~~~~~~~~~~~~~~~~~~~~~~~
CC	libavformat/mpegenc.o
CC	libavformat/mpegts.o
CC	libavformat/network.o
libavformat/mpegts.c: In function 'pat_cb':
libavformat/mpegts.c:2966:13: warning: stack usage is 134848 bytes [-Wstack-usage=]
 2966 | static void pat_cb(MpegTSFilter *filter, const uint8_t *section, int section_len)
      |             ^~~~~~
CC	libavformat/oggenc.o
CC	libavformat/pcmdec.o
CC	libavformat/pcmenc.o
CC	libavformat/rawdec.o
CC	libavformat/rawenc.o
libavformat/mpegts.c: In function 'pmt_cb':
libavformat/mpegts.c:2740:13: warning: stack usage is 136400 bytes [-Wstack-usage=]
 2740 | static void pmt_cb(MpegTSFilter *filter, const uint8_t *section, int section_len)
      |             ^~~~~~
CC	libavformat/rawvideodec.o
CC	libavformat/riff.o
CC	libavformat/rtmpproto.o
CC	libavformat/rtsp.o
CC	libavformat/rtspdec.o
CC	libavformat/sdp.o
CC	libavformat/segment.o
CC	libavformat/swfenc.o
CC	libavformat/tls_schannel.o
libavformat/rtsp.c: In function 'ff_rtsp_make_setup_request':
libavformat/rtsp.c:1736:30: warning: '%s' directive output may be truncated writing up to 4095 bytes into a region of size 4085 [-Wformat-truncation=]
 1736 |                  "Transport: %s\r\n",
      |                              ^~
 1737 |                  transport);
      |                  ~~~~~~~~~    
libavformat/rtsp.c:1735:9: note: 'snprintf' output between 14 and 4109 bytes into a destination of size 4096
 1735 |         snprintf(cmd, sizeof(cmd),
      |         ^~~~~~~~~~~~~~~~~~~~~~~~~~
 1736 |                  "Transport: %s\r\n",
      |                  ~~~~~~~~~~~~~~~~~~~~
 1737 |                  transport);
      |                  ~~~~~~~~~~
CC	libavformat/voc.o
CC	libavformat/wavdec.o
CC	libavformat/wavenc.o
CC	libavcodec/8svx.o
CC	libavcodec/a64multienc.o
CC	libavcodec/aac/aacdec.o
CC	libavcodec/aac_ac3_parser.o
CC	libavcodec/aactab.o
CC	libavcodec/ac3_parser.o
CC	libavcodec/ac3dec_fixed.o
CC	libavcodec/ac3dec_float.o
CC	libavcodec/ac3enc.o
CC	libavcodec/ac3enc_fixed.o
CC	libavcodec/ac3enc_float.o
CC	libavcodec/adpcm.o
CC	libavcodec/adpcmenc.o
CC	libavcodec/aptxdec.o
CC	libavcodec/aptxenc.o
CC	libavcodec/apv_decode.o
CC	libavcodec/assdec.o
CC	libavcodec/assenc.o
CC	libavcodec/asvdec.o
CC	libavcodec/asvenc.o
CC	libavcodec/av1dec.o
CC	libavcodec/binkaudio.o
CC	libavcodec/bintext.o
CC	libavcodec/bsf.o
CC	libavcodec/cuviddec.o
CC	libavcodec/cyuv.o
CC	libavcodec/d3d12va_av1.o
CC	libavcodec/d3d12va_decode.o
CC	libavcodec/d3d12va_encode.o
CC	libavcodec/d3d12va_encode_av1.o
CC	libavcodec/d3d12va_h264.o
CC	libavcodec/d3d12va_hevc.o
CC	libavcodec/d3d12va_mpeg2.o
CC	libavcodec/d3d12va_vc1.o
CC	libavcodec/d3d12va_vp9.o
CC	libavcodec/dpx.o
CC	libavcodec/dxva2.o
CC	libavcodec/dxva2_av1.o
CC	libavcodec/dxva2_h264.o
CC	libavcodec/dxva2_hevc.o
CC	libavcodec/dxva2_mpeg2.o
CC	libavcodec/dxva2_vc1.o
CC	libavcodec/dxva2_vp9.o
CC	libavcodec/ffv1dec.o
CC	libavcodec/flashsv.o
CC	libavcodec/g726.o
CC	libavcodec/gsmdec.o
CC	libavcodec/h263dec.o
CC	libavcodec/h2645_sei.o
CC	libavcodec/h264_slice.o
CC	libavcodec/h264dec.o
CC	libavcodec/hevc/hevcdec.o
CC	libavcodec/huffyuvdec.o
CC	libavcodec/huffyuvenc.o
CC	libavcodec/idctdsp.o
STRIP	libavutil/x86/tx_float.o
CC	libavcodec/imc.o
CC	libavcodec/ituh263dec.o
CC	libavcodec/ituh263enc.o
CC	libavcodec/lcldec.o
CC	libavcodec/libx264.o
CC	libavcodec/me_cmp.o
CC	libavcodec/mjpegdec.o
CC	libavcodec/mjpegenc.o
CC	libavcodec/mlpdec.o
CC	libavcodec/mlpenc.o
CC	libavcodec/mpeg12dec.o
CC	libavcodec/mpeg12enc.o
CC	libavcodec/mpeg4videodec.o
CC	libavcodec/mpegaudiodec_fixed.o
CC	libavcodec/mpegaudiodec_float.o
CC	libavcodec/mpegaudioenc.o
CC	libavcodec/mpegvideo_dec.o
CC	libavcodec/mpegvideo_enc.o
CC	libavcodec/mpegvideo_motion.o
CC	libavcodec/msmpeg4.o
CC	libavcodec/mvcdec.o
CC	libavcodec/null.o
CC	libavcodec/nvdec.o
CC	libavcodec/nvdec_mpeg12.o
CC	libavcodec/nvdec_vc1.o
CC	libavcodec/nvenc.o
CC	libavcodec/options.o
CC	libavcodec/opus/pvq.o
CC	libavcodec/pcm.o
CC	libavcodec/pngdec.o
CC	libavcodec/pnmdec.o
CC	libavcodec/pnmenc.o
CC	libavcodec/prores_raw.o
CC	libavcodec/proresdec.o
CC	libavcodec/qpeldsp.o
CC	libavcodec/qsvdec.o
CC	libavcodec/r210dec.o
CC	libavcodec/r210enc.o
CC	libavcodec/sp5xdec.o
CC	libavcodec/srtdec.o
CC	libavcodec/srtenc.o
CC	libavcodec/textdec.o
CC	libavcodec/vc1dec.o
CC	libavcodec/vc1dsp.o
CC	libavcodec/vorbis_parser.o
CC	libavcodec/vp3.o
CC	libavcodec/vp8.o
CC	libavcodec/vp8dsp.o
CC	libavcodec/vp9.o
GZIP	libavcodec/vulkan/apv_decode.comp.spv.gz
GZIP	libavcodec/vulkan/apv_idct.comp.spv.gz
GZIP	libavcodec/vulkan/dpx_copy.comp.spv.gz
GZIP	libavcodec/vulkan/dpx_unpack.comp.spv.gz
GZIP	libavcodec/vulkan/ffv1_dec.comp.spv.gz
GZIP	libavcodec/vulkan/ffv1_dec_bayer.comp.spv.gz
GZIP	libavcodec/vulkan/ffv1_dec_bayer_golomb.comp.spv.gz
GZIP	libavcodec/vulkan/ffv1_dec_golomb.comp.spv.gz
GZIP	libavcodec/vulkan/ffv1_dec_reset.comp.spv.gz
GZIP	libavcodec/vulkan/ffv1_dec_reset_golomb.comp.spv.gz
GZIP	libavcodec/vulkan/ffv1_dec_rgb.comp.spv.gz
GZIP	libavcodec/vulkan/ffv1_dec_rgb_float.comp.spv.gz
GZIP	libavcodec/vulkan/ffv1_dec_rgb_float_golomb.comp.spv.gz
GZIP	libavcodec/vulkan/ffv1_dec_rgb_golomb.comp.spv.gz
GZIP	libavcodec/vulkan/ffv1_dec_setup.comp.spv.gz
GZIP	libavcodec/vulkan/ffv1_enc.comp.spv.gz
GZIP	libavcodec/vulkan/ffv1_enc_bayer.comp.spv.gz
GZIP	libavcodec/vulkan/ffv1_enc_bayer_golomb.comp.spv.gz
GZIP	libavcodec/vulkan/ffv1_enc_golomb.comp.spv.gz
GZIP	libavcodec/vulkan/ffv1_enc_rct_search.comp.spv.gz
GZIP	libavcodec/vulkan/ffv1_enc_remap.comp.spv.gz
GZIP	libavcodec/vulkan/ffv1_enc_reset.comp.spv.gz
GZIP	libavcodec/vulkan/ffv1_enc_reset_golomb.comp.spv.gz
GZIP	libavcodec/vulkan/ffv1_enc_rgb.comp.spv.gz
GZIP	libavcodec/vulkan/ffv1_enc_rgb_float.comp.spv.gz
GZIP	libavcodec/vulkan/ffv1_enc_rgb_float_golomb.comp.spv.gz
GZIP	libavcodec/vulkan/ffv1_enc_rgb_golomb.comp.spv.gz
GZIP	libavcodec/vulkan/ffv1_enc_setup.comp.spv.gz
GZIP	libavcodec/vulkan/ffv1_enc_sort32.comp.spv.gz
GZIP	libavcodec/vulkan/pelorus_qpmap.comp.spv.gz
GZIP	libavcodec/vulkan/prores_idct.comp.spv.gz
GZIP	libavcodec/vulkan/prores_ks_alpha_data.comp.spv.gz
GZIP	libavcodec/vulkan/prores_ks_encode_slice.comp.spv.gz
GZIP	libavcodec/vulkan/prores_ks_estimate_slice.comp.spv.gz
GZIP	libavcodec/vulkan/prores_ks_slice_data.comp.spv.gz
GZIP	libavcodec/vulkan/prores_ks_trellis_node.comp.spv.gz
GZIP	libavcodec/vulkan/prores_raw_decode.comp.spv.gz
GZIP	libavcodec/vulkan/prores_raw_idct.comp.spv.gz
GZIP	libavcodec/vulkan/prores_vld.comp.spv.gz
CC	libavcodec/vulkan_decode.o
CC	libavcodec/vvc/dec.o
CC	libavcodec/webp.o
CC	libavcodec/wmadec.o
CC	libavcodec/wmaenc.o
libavcodec/wmadec.c: In function 'wma_decode_block':
libavcodec/wmadec.c:526:30: warning: writing 1 byte into a region of size 0 [-Wstringop-overflow=]
  526 |         s->channel_coded[ch] = a;
      |         ~~~~~~~~~~~~~~~~~~~~~^~~
In file included from libavcodec/wmadec.c:46:
libavcodec/wma.h:112:13: note: at offset 2 into destination object 'channel_coded' of size 2
  112 |     uint8_t channel_coded[MAX_CHANNELS];    ///< true if channel is coded
      |             ^~~~~~~~~~~~~
AR	libswresample/libswresample.a
CC	libswscale/format.o
X86ASM	libswscale/x86/ops_common.o
X86ASM	libswscale/x86/ops_float.o
X86ASM	libswscale/x86/ops_int.o
STRIP	libswscale/x86/ops_common.o
BIN2C	fftools/resources/graph.html.c
AR	libavutil/libavutil.a
GZIP	fftools/resources/graph.css.min.gz
BIN2C	libavfilter/vulkan/avgblur.comp.spv.c
BIN2C	libavfilter/vulkan/blackdetect.comp.spv.c
BIN2C	libavfilter/vulkan/blend.comp.spv.c
BIN2C	libavfilter/vulkan/bwdif.comp.spv.c
BIN2C	libavfilter/vulkan/chromaber.comp.spv.c
BIN2C	libavfilter/vulkan/color.comp.spv.c
BIN2C	libavfilter/vulkan/debayer.comp.spv.c
BIN2C	libavfilter/vulkan/flip.comp.spv.c
BIN2C	libavfilter/vulkan/gblur.comp.spv.c
BIN2C	libavfilter/vulkan/interlace.comp.spv.c
BIN2C	libavfilter/vulkan/nlmeans_denoise.comp.spv.c
BIN2C	libavfilter/vulkan/nlmeans_horizontal.comp.spv.c
BIN2C	libavfilter/vulkan/nlmeans_vertical.comp.spv.c
BIN2C	libavfilter/vulkan/nlmeans_weights.comp.spv.c
BIN2C	libavfilter/vulkan/overlay.comp.spv.c
BIN2C	libavfilter/vulkan/pelorus_aa.comp.spv.c
BIN2C	libavfilter/vulkan/pelorus_analyze.comp.spv.c
BIN2C	libavfilter/vulkan/pelorus_borderfix.comp.spv.c
BIN2C	libavfilter/vulkan/pelorus_deband.comp.spv.c
BIN2C	libavfilter/vulkan/pelorus_deblock.comp.spv.c
BIN2C	libavfilter/vulkan/pelorus_dehalo.comp.spv.c
BIN2C	libavfilter/vulkan/pelorus_denoise.comp.spv.c
BIN2C	libavfilter/vulkan/pelorus_grain_estimate.comp.spv.c
BIN2C	libavfilter/vulkan/pelorus_mc.comp.spv.c
BIN2C	libavfilter/vulkan/scale.comp.spv.c
BIN2C	libavfilter/vulkan/scdet.comp.spv.c
BIN2C	libavfilter/vulkan/transpose.comp.spv.c
BIN2C	libavfilter/vulkan/v360.comp.spv.c
BIN2C	libavfilter/vulkan/xfade.comp.spv.c
AR	libavformat/libavformat.a
BIN2C	libavcodec/vulkan/apv_decode.comp.spv.c
BIN2C	libavcodec/vulkan/apv_idct.comp.spv.c
BIN2C	libavcodec/vulkan/dpx_copy.comp.spv.c
BIN2C	libavcodec/vulkan/dpx_unpack.comp.spv.c
BIN2C	libavcodec/vulkan/ffv1_dec.comp.spv.c
BIN2C	libavcodec/vulkan/ffv1_dec_bayer.comp.spv.c
BIN2C	libavcodec/vulkan/ffv1_dec_bayer_golomb.comp.spv.c
BIN2C	libavcodec/vulkan/ffv1_dec_golomb.comp.spv.c
BIN2C	libavcodec/vulkan/ffv1_dec_reset.comp.spv.c
BIN2C	libavcodec/vulkan/ffv1_dec_reset_golomb.comp.spv.c
BIN2C	libavcodec/vulkan/ffv1_dec_rgb_float.comp.spv.c
BIN2C	libavcodec/vulkan/ffv1_dec_rgb.comp.spv.c
BIN2C	libavcodec/vulkan/ffv1_dec_rgb_float_golomb.comp.spv.c
BIN2C	libavcodec/vulkan/ffv1_dec_rgb_golomb.comp.spv.c
BIN2C	libavcodec/vulkan/ffv1_dec_setup.comp.spv.c
BIN2C	libavcodec/vulkan/ffv1_enc.comp.spv.c
BIN2C	libavcodec/vulkan/ffv1_enc_bayer.comp.spv.c
BIN2C	libavcodec/vulkan/ffv1_enc_bayer_golomb.comp.spv.c
BIN2C	libavcodec/vulkan/ffv1_enc_golomb.comp.spv.c
BIN2C	libavcodec/vulkan/ffv1_enc_rct_search.comp.spv.c
BIN2C	libavcodec/vulkan/ffv1_enc_remap.comp.spv.c
BIN2C	libavcodec/vulkan/ffv1_enc_reset.comp.spv.c
BIN2C	libavcodec/vulkan/ffv1_enc_reset_golomb.comp.spv.c
BIN2C	libavcodec/vulkan/ffv1_enc_rgb.comp.spv.c
BIN2C	libavcodec/vulkan/ffv1_enc_rgb_float.comp.spv.c
BIN2C	libavcodec/vulkan/ffv1_enc_rgb_float_golomb.comp.spv.c
BIN2C	libavcodec/vulkan/ffv1_enc_rgb_golomb.comp.spv.c
BIN2C	libavcodec/vulkan/ffv1_enc_setup.comp.spv.c
BIN2C	libavcodec/vulkan/ffv1_enc_sort32.comp.spv.c
BIN2C	libavcodec/vulkan/pelorus_qpmap.comp.spv.c
BIN2C	libavcodec/vulkan/prores_idct.comp.spv.c
BIN2C	libavcodec/vulkan/prores_ks_alpha_data.comp.spv.c
BIN2C	libavcodec/vulkan/prores_ks_encode_slice.comp.spv.c
BIN2C	libavcodec/vulkan/prores_ks_estimate_slice.comp.spv.c
BIN2C	libavcodec/vulkan/prores_ks_slice_data.comp.spv.c
BIN2C	libavcodec/vulkan/prores_ks_trellis_node.comp.spv.c
BIN2C	libavcodec/vulkan/prores_raw_decode.comp.spv.c
BIN2C	libavcodec/vulkan/prores_raw_idct.comp.spv.c
BIN2C	libavcodec/vulkan/prores_vld.comp.spv.c
CC	fftools/resources/graph.html.o
BIN2C	fftools/resources/graph.css.c
CC	libavfilter/vulkan/avgblur.comp.spv.o
CC	libavfilter/vulkan/blackdetect.comp.spv.o
CC	libavfilter/vulkan/blend.comp.spv.o
CC	libavfilter/vulkan/chromaber.comp.spv.o
CC	libavfilter/vulkan/bwdif.comp.spv.o
CC	libavfilter/vulkan/color.comp.spv.o
CC	libavfilter/vulkan/debayer.comp.spv.o
CC	libavfilter/vulkan/flip.comp.spv.o
CC	libavfilter/vulkan/gblur.comp.spv.o
CC	libavfilter/vulkan/interlace.comp.spv.o
CC	libavfilter/vulkan/nlmeans_denoise.comp.spv.o
CC	libavfilter/vulkan/nlmeans_horizontal.comp.spv.o
CC	libavfilter/vulkan/nlmeans_vertical.comp.spv.o
CC	libavfilter/vulkan/nlmeans_weights.comp.spv.o
CC	libavfilter/vulkan/overlay.comp.spv.o
CC	libavfilter/vulkan/pelorus_aa.comp.spv.o
CC	libavfilter/vulkan/pelorus_analyze.comp.spv.o
CC	libavfilter/vulkan/pelorus_borderfix.comp.spv.o
CC	libavfilter/vulkan/pelorus_deband.comp.spv.o
CC	libavfilter/vulkan/pelorus_deblock.comp.spv.o
CC	libavfilter/vulkan/pelorus_dehalo.comp.spv.o
CC	libavfilter/vulkan/pelorus_denoise.comp.spv.o
CC	libavfilter/vulkan/pelorus_grain_estimate.comp.spv.o
CC	libavfilter/vulkan/pelorus_mc.comp.spv.o
CC	libavfilter/vulkan/scale.comp.spv.o
CC	libavfilter/vulkan/scdet.comp.spv.o
CC	libavfilter/vulkan/transpose.comp.spv.o
CC	libavfilter/vulkan/v360.comp.spv.o
CC	libavfilter/vulkan/xfade.comp.spv.o
CC	libavcodec/vulkan/apv_decode.comp.spv.o
CC	libavcodec/vulkan/apv_idct.comp.spv.o
CC	libavcodec/vulkan/dpx_copy.comp.spv.o
CC	libavcodec/vulkan/dpx_unpack.comp.spv.o
CC	libavcodec/vulkan/ffv1_dec.comp.spv.o
CC	libavcodec/vulkan/ffv1_dec_bayer.comp.spv.o
CC	libavcodec/vulkan/ffv1_dec_bayer_golomb.comp.spv.o
CC	libavcodec/vulkan/ffv1_dec_golomb.comp.spv.o
CC	libavcodec/vulkan/ffv1_dec_reset.comp.spv.o
CC	libavcodec/vulkan/ffv1_dec_reset_golomb.comp.spv.o
CC	libavcodec/vulkan/ffv1_dec_rgb.comp.spv.o
CC	libavcodec/vulkan/ffv1_dec_rgb_float_golomb.comp.spv.o
CC	libavcodec/vulkan/ffv1_dec_rgb_float.comp.spv.o
CC	libavcodec/vulkan/ffv1_dec_rgb_golomb.comp.spv.o
CC	libavcodec/vulkan/ffv1_dec_setup.comp.spv.o
CC	libavcodec/vulkan/ffv1_enc.comp.spv.o
CC	libavcodec/vulkan/ffv1_enc_bayer.comp.spv.o
CC	libavcodec/vulkan/ffv1_enc_bayer_golomb.comp.spv.o
CC	libavcodec/vulkan/ffv1_enc_golomb.comp.spv.o
CC	libavcodec/vulkan/ffv1_enc_rct_search.comp.spv.o
CC	libavcodec/vulkan/ffv1_enc_remap.comp.spv.o
CC	libavcodec/vulkan/ffv1_enc_reset.comp.spv.o
CC	libavcodec/vulkan/ffv1_enc_reset_golomb.comp.spv.o
CC	libavcodec/vulkan/ffv1_enc_rgb.comp.spv.o
CC	libavcodec/vulkan/ffv1_enc_rgb_float.comp.spv.o
CC	libavcodec/vulkan/ffv1_enc_rgb_float_golomb.comp.spv.o
CC	libavcodec/vulkan/ffv1_enc_rgb_golomb.comp.spv.o
CC	libavcodec/vulkan/ffv1_enc_setup.comp.spv.o
CC	libavcodec/vulkan/ffv1_enc_sort32.comp.spv.o
CC	libavcodec/vulkan/pelorus_qpmap.comp.spv.o
CC	libavcodec/vulkan/prores_idct.comp.spv.o
CC	libavcodec/vulkan/prores_ks_alpha_data.comp.spv.o
CC	libavcodec/vulkan/prores_ks_encode_slice.comp.spv.o
CC	libavcodec/vulkan/prores_ks_estimate_slice.comp.spv.o
CC	libavcodec/vulkan/prores_ks_slice_data.comp.spv.o
CC	libavcodec/vulkan/prores_ks_trellis_node.comp.spv.o
CC	libavcodec/vulkan/prores_raw_decode.comp.spv.o
CC	libavcodec/vulkan/prores_raw_idct.comp.spv.o
CC	libavcodec/vulkan/prores_vld.comp.spv.o
CC	fftools/resources/graph.css.o
AR	libavfilter/libavfilter.a
AR	libavcodec/libavcodec.a
STRIP	libswscale/x86/ops_int.o
STRIP	libswscale/x86/ops_float.o
AR	libswscale/libswscale.a
LDXX	ffmpeg_g.exe
STRIP	ffmpeg.exe
make: Verzeichnis „/c/tmp/pel/ffmpeg“ wird verlassen
